dataset,method,method_display,edge_removal_rate_or_AUC,n,mean,std,ci_low,ci_high,seed_ids
lastfm,cailp_social_multi,CILP,0.1,10,0.7920842744984794,0.019344174998730906,0.7782462853224903,0.8059222636744685,0 1 2 3 4 5 6 7 8 9
lastfm,cailp_social_multi,CILP,0.2,10,0.7916484782257092,0.023664129410323552,0.7747201798278325,0.8085767766235858,0 1 2 3 4 5 6 7 8 9
lastfm,cailp_social_multi,CILP,0.3,10,0.7859297936224889,0.04035589600344733,0.7570609247190756,0.8147986625259023,0 1 2 3 4 5 6 7 8 9
lastfm,cailp_social_multi,CILP,0.4,10,0.7610012742377182,0.051916564548457805,0.7238624012527896,0.7981401472226469,0 1 2 3 4 5 6 7 8 9
lastfm,cailp_social_multi,CILP,0.5,10,0.768607195916577,0.06128130653680604,0.7247691900774844,0.8124452017556696,0 1 2 3 4 5 6 7 8 9
lastfm,cailp_social_multi,CILP,0.6,10,0.7432284746469462,0.07044807484591456,0.6928329577923378,0.7936239915015546,0 1 2 3 4 5 6 7 8 9
lastfm,cailp_social_multi,CILP,0.7,10,0.7146988742737221,0.07122174028423371,0.6637499105048876,0.7656478380425566,0 1 2 3 4 5 6 7 8 9
lastfm,cailp_social_multi,CILP,0.8,10,0.6708735974329588,0.06748722205536804,0.6225961470696827,0.719151047796235,0 1 2 3 4 5 6 7 8 9
lastfm,cailp_social_multi,CILP,0.9,10,0.5903019288815511,0.058946774603747504,0.5481339465830222,0.63246991118008,0 1 2 3 4 5 6 7 8 9
lastfm,cailp_social_multi,CILP,AUC,10,0.5927180790046135,0.038303415866165064,0.565317465941809,0.620118692067418,0 1 2 3 4 5 6 7 8 9
lastfm,cailp_a31,Task-only,0.1,10,0.7767811308980949,0.03134525291898318,0.7543580877525491,0.7992041740436406,0 1 2 3 4 5 6 7 8 9
lastfm,cailp_a31,Task-only,0.2,10,0.7654911597711924,0.03964488691417628,0.7371309161300097,0.7938514034123751,0 1 2 3 4 5 6 7 8 9
lastfm,cailp_a31,Task-only,0.3,10,0.7579203726357837,0.062183926389122415,0.7134366714518544,0.802404073819713,0 1 2 3 4 5 6 7 8 9
lastfm,cailp_a31,Task-only,0.4,10,0.7362114911256674,0.07106739956199555,0.6853729360583611,0.7870500461929737,0 1 2 3 4 5 6 7 8 9
lastfm,cailp_a31,Task-only,0.5,10,0.730396664468012,0.08306496963962261,0.6709755647905962,0.7898177641454278,0 1 2 3 4 5 6 7 8 9
lastfm,cailp_a31,Task-only,0.6,10,0.704382791658296,0.08000444395707466,0.6471510601638455,0.7616145231527465,0 1 2 3 4 5 6 7 8 9
lastfm,cailp_a31,Task-only,0.7,10,0.6727326866344012,0.08126390463090821,0.6145999912491033,0.7308653820196992,0 1 2 3 4 5 6 7 8 9
lastfm,cailp_a31,Task-only,0.8,10,0.6231839929434386,0.07654872204645205,0.5684243359829273,0.67794364990395,0 1 2 3 4 5 6 7 8 9
lastfm,cailp_a31,Task-only,0.9,10,0.5665038021499004,0.06640283973181556,0.5190020721705092,0.6140055321292915,0 1 2 3 4 5 6 7 8 9
lastfm,cailp_a31,Task-only,AUC,10,0.5661961625760789,0.050198685570403086,0.5302861861817538,0.6021061389704039,0 1 2 3 4 5 6 7 8 9
lastfm,original_ilp_gcn,ILP-GCN,0.1,10,0.7961060252774657,0.022089608925558273,0.7803040709819858,0.8119079795729455,0 1 2 3 4 5 6 7 8 9
lastfm,original_ilp_gcn,ILP-GCN,0.2,10,0.7826556742433067,0.057197208849926386,0.7417392558892545,0.823572092597359,0 1 2 3 4 5 6 7 8 9
lastfm,original_ilp_gcn,ILP-GCN,0.3,10,0.8008853725202716,0.019318938574107897,0.787065436394919,0.8147053086456242,0 1 2 3 4 5 6 7 8 9
lastfm,original_ilp_gcn,ILP-GCN,0.4,10,0.7915292375559203,0.016055843482240092,0.780043579039432,0.8030148960724086,0 1 2 3 4 5 6 7 8 9
lastfm,original_ilp_gcn,ILP-GCN,0.5,10,0.7764208262108838,0.02287096701581504,0.760059922009489,0.7927817304122786,0 1 2 3 4 5 6 7 8 9
lastfm,original_ilp_gcn,ILP-GCN,0.6,10,0.7245392124062765,0.04093938936251115,0.6952529374988585,0.7538254873136945,0 1 2 3 4 5 6 7 8 9
lastfm,original_ilp_gcn,ILP-GCN,0.7,10,0.7022714267923907,0.03235219214491198,0.6791280627176662,0.7254147908671152,0 1 2 3 4 5 6 7 8 9
lastfm,original_ilp_gcn,ILP-GCN,0.8,10,0.6367641056993145,0.029698320131702503,0.6155192072968486,0.6580090041017804,0 1 2 3 4 5 6 7 8 9
lastfm,original_ilp_gcn,ILP-GCN,0.9,10,0.5696087671705824,0.03533708088891846,0.5443301423192259,0.5948873920219389,0 1 2 3 4 5 6 7 8 9
lastfm,original_ilp_gcn,ILP-GCN,AUC,10,0.5897923251652388,0.01651796316152656,0.5779760861447798,0.6016085641856979,0 1 2 3 4 5 6 7 8 9
lastfm,ptdnet,PTDNet,0.1,10,0.7908830698439493,0.02443263936823504,0.7734050125403598,0.8083611271475388,0 1 2 3 4 5 6 7 8 9
lastfm,ptdnet,PTDNet,0.2,10,0.788406074130359,0.025445945884687318,0.7702031410123423,0.8066090072483757,0 1 2 3 4 5 6 7 8 9
lastfm,ptdnet,PTDNet,0.3,10,0.7946158532509469,0.02520829857582756,0.7765829227765125,0.8126487837253812,0 1 2 3 4 5 6 7 8 9
lastfm,ptdnet,PTDNet,0.4,10,0.7888911671987128,0.01908171624432777,0.775240929705223,0.8025414046922026,0 1 2 3 4 5 6 7 8 9
lastfm,ptdnet,PTDNet,0.5,10,0.7883250952898277,0.012930731368628852,0.779075007305799,0.7975751832738565,0 1 2 3 4 5 6 7 8 9
lastfm,ptdnet,PTDNet,0.6,10,0.7762352513378985,0.016985902889799086,0.7640842684012334,0.7883862342745636,0 1 2 3 4 5 6 7 8 9
lastfm,ptdnet,PTDNet,0.7,10,0.7595790177881124,0.018411453624117113,0.7464082572888162,0.7727497782874087,0 1 2 3 4 5 6 7 8 9
lastfm,ptdnet,PTDNet,0.8,10,0.7327138107414835,0.019336868717560286,0.7188810481641869,0.74654657331878,0 1 2 3 4 5 6 7 8 9
lastfm,ptdnet,PTDNet,0.9,10,0.6700333185506211,0.03678371680227349,0.6437198327081954,0.6963468043930467,0 1 2 3 4 5 6 7 8 9
lastfm,ptdnet,PTDNet,AUC,10,0.6159224463934626,0.011469619487765658,0.607717574883831,0.6241273179030942,0 1 2 3 4 5 6 7 8 9
lastfm,neuralsparse,NeuralSparse,0.1,10,0.7536517267424587,0.018275493122969316,0.7405782265266002,0.7667252269583172,0 1 2 3 4 5 6 7 8 9
lastfm,neuralsparse,NeuralSparse,0.2,10,0.7083614322030087,0.02590680270592085,0.6898288219752509,0.7268940424307666,0 1 2 3 4 5 6 7 8 9
lastfm,neuralsparse,NeuralSparse,0.3,10,0.6652794666786778,0.021501497693557237,0.6498982218144992,0.6806607115428563,0 1 2 3 4 5 6 7 8 9
lastfm,neuralsparse,NeuralSparse,0.4,10,0.6368312623141349,0.012885087436373201,0.6276138260322617,0.6460486985960081,0 1 2 3 4 5 6 7 8 9
lastfm,neuralsparse,NeuralSparse,0.5,10,0.6019628331666586,0.0127651399533807,0.5928312021451,0.6110944641882171,0 1 2 3 4 5 6 7 8 9
lastfm,neuralsparse,NeuralSparse,0.6,10,0.5634918987935039,0.024811627556643713,0.5457427296720483,0.5812410679149596,0 1 2 3 4 5 6 7 8 9
lastfm,neuralsparse,NeuralSparse,0.7,10,0.5508626468663957,0.021433612870486056,0.535529963879213,0.5661953298535785,0 1 2 3 4 5 6 7 8 9
lastfm,neuralsparse,NeuralSparse,0.8,10,0.534150709794108,0.01938390713977202,0.5202842979566353,0.5480171216315806,0 1 2 3 4 5 6 7 8 9
lastfm,neuralsparse,NeuralSparse,0.9,10,0.5048315136413797,0.027346802790902514,0.48526878940820634,0.524394237874553,0 1 2 3 4 5 6 7 8 9
lastfm,neuralsparse,NeuralSparse,AUC,10,0.48901818700084065,0.009753619903771993,0.48204086764429205,0.49599550635738926,0 1 2 3 4 5 6 7 8 9
lastfm,random,Random,0.1,10,0.797328483190826,0.02939564831038646,0.7763001031659866,0.8183568632156655,0 1 2 3 4 5 6 7 8 9
lastfm,random,Random,0.2,10,0.7816737740009313,0.02785754220839028,0.7617456887982976,0.801601859203565,0 1 2 3 4 5 6 7 8 9
lastfm,random,Random,0.3,10,0.7731156540943755,0.01561556886575829,0.7619449490653188,0.7842863591234323,0 1 2 3 4 5 6 7 8 9
lastfm,random,Random,0.4,10,0.7586078768593423,0.023878265232377908,0.7415263949223395,0.775689358796345,0 1 2 3 4 5 6 7 8 9
lastfm,random,Random,0.5,10,0.7449142394499032,0.03634583031856863,0.7189139987276347,0.7709144801721717,0 1 2 3 4 5 6 7 8 9
lastfm,random,Random,0.6,10,0.7019374053545032,0.035066972950081224,0.6768520040825563,0.7270228066264501,0 1 2 3 4 5 6 7 8 9
lastfm,random,Random,0.7,10,0.6957173807849436,0.036409757613990214,0.6696714092304141,0.7217633523394731,0 1 2 3 4 5 6 7 8 9
lastfm,random,Random,0.8,10,0.6531368219784395,0.025570616741789853,0.6348447047018191,0.6714289392550599,0 1 2 3 4 5 6 7 8 9
lastfm,random,Random,0.9,10,0.5829051795988466,0.02119554347636233,0.5677428011968547,0.5980675580008384,0 1 2 3 4 5 6 7 8 9
lastfm,random,Random,AUC,10,0.5799219983917276,0.01776534553710537,0.5672134357744902,0.592630561008965,0 1 2 3 4 5 6 7 8 9
lastfm,resistance_style_proxy,Resistance proxy,0.1,10,0.7410723730866684,0.023560542826091723,0.7242181760671896,0.7579265701061472,0 1 2 3 4 5 6 7 8 9
lastfm,resistance_style_proxy,Resistance proxy,0.2,10,0.6582101526373874,0.037370327874281996,0.6314770305134711,0.6849432747613036,0 1 2 3 4 5 6 7 8 9
lastfm,resistance_style_proxy,Resistance proxy,0.3,10,0.6131966021020385,0.030891065395264206,0.5910984651381989,0.6352947390658782,0 1 2 3 4 5 6 7 8 9
lastfm,resistance_style_proxy,Resistance proxy,0.4,10,0.5903729259298214,0.026633337421647862,0.5713205840757279,0.6094252677839148,0 1 2 3 4 5 6 7 8 9
lastfm,resistance_style_proxy,Resistance proxy,0.5,10,0.5584536412017742,0.026658032659510684,0.5393836334387305,0.5775236489648179,0 1 2 3 4 5 6 7 8 9
lastfm,resistance_style_proxy,Resistance proxy,0.6,10,0.5302798910167098,0.025850888615634372,0.5117872793195803,0.5487725027138393,0 1 2 3 4 5 6 7 8 9
lastfm,resistance_style_proxy,Resistance proxy,0.7,10,0.5244937733973678,0.019792717430583723,0.510334916295124,0.5386526304996117,0 1 2 3 4 5 6 7 8 9
lastfm,resistance_style_proxy,Resistance proxy,0.8,10,0.4974156209111899,0.014178307596499495,0.48727307065680703,0.5075581711655728,0 1 2 3 4 5 6 7 8 9
lastfm,resistance_style_proxy,Resistance proxy,0.9,10,0.4797941737448891,0.009433921948787035,0.4730455525282693,0.4865427949615089,0 1 2 3 4 5 6 7 8 9
lastfm,resistance_style_proxy,Resistance proxy,AUC,10,0.45828558806120673,0.014186974756887984,0.44813683769378465,0.4684343384286288,0 1 2 3 4 5 6 7 8 9
facebook,cailp_social_multi,CILP,0.1,10,0.9317470479390229,0.011132720739309062,0.9237831792757185,0.9397109166023272,0 1 2 3 4 5 6 7 8 9
facebook,cailp_social_multi,CILP,0.2,10,0.9309562663448055,0.012017969383864709,0.9223591289501015,0.9395534037395096,0 1 2 3 4 5 6 7 8 9
facebook,cailp_social_multi,CILP,0.3,10,0.9305307397573086,0.012153789543914918,0.9218364424731402,0.939225037041477,0 1 2 3 4 5 6 7 8 9
facebook,cailp_social_multi,CILP,0.4,10,0.9293051891010997,0.012234315491309291,0.9205532870243515,0.938057091177848,0 1 2 3 4 5 6 7 8 9
facebook,cailp_social_multi,CILP,0.5,10,0.9273441265757649,0.01282048958594315,0.918172900812309,0.9365153523392209,0 1 2 3 4 5 6 7 8 9
facebook,cailp_social_multi,CILP,0.6,10,0.9238678339142522,0.014179609572138143,0.9137243522826048,0.9340113155458996,0 1 2 3 4 5 6 7 8 9
facebook,cailp_social_multi,CILP,0.7,10,0.918647866776508,0.014143231314683456,0.9085304085825586,0.9287653249704574,0 1 2 3 4 5 6 7 8 9
facebook,cailp_social_multi,CILP,0.8,10,0.9120861493096836,0.013726561221037128,0.902266758944743,0.9219055396746242,0 1 2 3 4 5 6 7 8 9
facebook,cailp_social_multi,CILP,0.9,10,0.9048196009896421,0.012390650103418176,0.8959558638684768,0.9136833381108074,0 1 2 3 4 5 6 7 8 9
facebook,cailp_social_multi,CILP,AUC,10,0.7391021496243756,0.009954633325802901,0.7319810339281808,0.7462232653205704,0 1 2 3 4 5 6 7 8 9
facebook,cailp_a31,Task-only,0.1,10,0.9192959817029998,0.01624670453398704,0.90767378941506,0.9309181739909395,0 1 2 3 4 5 6 7 8 9
facebook,cailp_a31,Task-only,0.2,10,0.9142127206488102,0.019354029945640866,0.9003676816684909,0.9280577596291295,0 1 2 3 4 5 6 7 8 9
facebook,cailp_a31,Task-only,0.3,10,0.9094835069379001,0.021733141833165315,0.8939365538387213,0.925030460037079,0 1 2 3 4 5 6 7 8 9
facebook,cailp_a31,Task-only,0.4,10,0.9066763070165255,0.02205780800093925,0.8908971017320887,0.9224555123009622,0 1 2 3 4 5 6 7 8 9
facebook,cailp_a31,Task-only,0.5,10,0.9051891650139317,0.02201498980011251,0.8894405900251583,0.920937740002705,0 1 2 3 4 5 6 7 8 9
facebook,cailp_a31,Task-only,0.6,10,0.903411854533957,0.02020558014784772,0.8889576532356932,0.9178660558322208,0 1 2 3 4 5 6 7 8 9
facebook,cailp_a31,Task-only,0.7,10,0.9018100426470239,0.017971562057536233,0.8889539616177673,0.9146661236762805,0 1 2 3 4 5 6 7 8 9
facebook,cailp_a31,Task-only,0.8,10,0.8995970188081011,0.015136167710062015,0.8887692567065105,0.9104247809096916,0 1 2 3 4 5 6 7 8 9
facebook,cailp_a31,Task-only,0.9,10,0.8977990306240484,0.012093211119175664,0.8891480685343711,0.9064499927137257,0 1 2 3 4 5 6 7 8 9
facebook,cailp_a31,Task-only,AUC,10,0.7248928121769773,0.01491480967032232,0.7142234000778106,0.735562224276144,0 1 2 3 4 5 6 7 8 9
facebook,original_ilp_gcn,ILP-GCN,0.1,10,0.939087982769999,0.003720138839508579,0.9364267557599212,0.9417492097800769,0 1 2 3 4 5 6 7 8 9
facebook,original_ilp_gcn,ILP-GCN,0.2,10,0.939129812130137,0.003898417175617714,0.9363410524811353,0.9419185717791387,0 1 2 3 4 5 6 7 8 9
facebook,original_ilp_gcn,ILP-GCN,0.3,10,0.9380278089451004,0.003948929305203579,0.9352029150953632,0.9408527027948376,0 1 2 3 4 5 6 7 8 9
facebook,original_ilp_gcn,ILP-GCN,0.4,10,0.9358784645077582,0.0039687490328847155,0.9330393924789496,0.9387175365365669,0 1 2 3 4 5 6 7 8 9
facebook,original_ilp_gcn,ILP-GCN,0.5,10,0.9330285363777484,0.002309489810507058,0.9313764268924924,0.9346806458630044,0 1 2 3 4 5 6 7 8 9
facebook,original_ilp_gcn,ILP-GCN,0.6,10,0.927372574730582,0.004538042751260857,0.9241262545087973,0.9306188949523667,0 1 2 3 4 5 6 7 8 9
facebook,original_ilp_gcn,ILP-GCN,0.7,10,0.9199577074818214,0.005630712499496714,0.9159297384096715,0.9239856765539712,0 1 2 3 4 5 6 7 8 9
facebook,original_ilp_gcn,ILP-GCN,0.8,10,0.9086683985685511,0.002847838813451142,0.9066311774062071,0.910705619730895,0 1 2 3 4 5 6 7 8 9
facebook,original_ilp_gcn,ILP-GCN,0.9,10,0.8965735416790084,0.006013950397075103,0.8922714207301894,0.9008756626278274,0 1 2 3 4 5 6 7 8 9
facebook,original_ilp_gcn,ILP-GCN,AUC,10,0.7419894064966203,0.002842542552294964,0.7399559740512703,0.7440228389419702,0 1 2 3 4 5 6 7 8 9
facebook,ptdnet,PTDNet,0.1,10,0.938593616023766,0.00470219762434938,0.9352298664798657,0.9419573655676663,0 1 2 3 4 5 6 7 8 9
facebook,ptdnet,PTDNet,0.2,10,0.935582930385492,0.005015983314539512,0.9319947120811138,0.9391711486898702,0 1 2 3 4 5 6 7 8 9
facebook,ptdnet,PTDNet,0.3,10,0.9312655933175563,0.005299357387830686,0.9274746614128713,0.9350565252222414,0 1 2 3 4 5 6 7 8 9
facebook,ptdnet,PTDNet,0.4,10,0.9255663125766811,0.006927696347877367,0.9206105371516368,0.9305220880017254,0 1 2 3 4 5 6 7 8 9
facebook,ptdnet,PTDNet,0.5,10,0.9209806406316636,0.007272200962275151,0.9157784214515651,0.9261828598117622,0 1 2 3 4 5 6 7 8 9
facebook,ptdnet,PTDNet,0.6,10,0.915073637827686,0.00743977156977623,0.9097515458562709,0.9203957297991011,0 1 2 3 4 5 6 7 8 9
facebook,ptdnet,PTDNet,0.7,10,0.9108837317314782,0.0060965557956916576,0.906522518440287,0.9152449450226694,0 1 2 3 4 5 6 7 8 9
facebook,ptdnet,PTDNet,0.8,10,0.9057184562896765,0.006817040512265043,0.9008418392808254,0.9105950732985276,0 1 2 3 4 5 6 7 8 9
facebook,ptdnet,PTDNet,0.9,10,0.9018914416776219,0.006179821139519464,0.8974706639476939,0.9063122194075499,0 1 2 3 4 5 6 7 8 9
facebook,ptdnet,PTDNet,AUC,10,0.7365313831610927,0.004401160403461562,0.733382982672114,0.7396797836500714,0 1 2 3 4 5 6 7 8 9
facebook,neuralsparse,NeuralSparse,0.1,10,0.9294965995219482,0.00505606082455443,0.925879711494006,0.9331134875498903,0 1 2 3 4 5 6 7 8 9
facebook,neuralsparse,NeuralSparse,0.2,10,0.9235928899194439,0.004318795210958926,0.920503409939735,0.9266823698991528,0 1 2 3 4 5 6 7 8 9
facebook,neuralsparse,NeuralSparse,0.3,10,0.91693061401311,0.005132411942423403,0.9132591076857204,0.9206021203404997,0 1 2 3 4 5 6 7 8 9
facebook,neuralsparse,NeuralSparse,0.4,10,0.906085731791651,0.0033333070492480125,0.9037012275741918,0.9084702360091101,0 1 2 3 4 5 6 7 8 9
facebook,neuralsparse,NeuralSparse,0.5,10,0.8976054125132489,0.00458536631928006,0.8943252390502655,0.9008855859762323,0 1 2 3 4 5 6 7 8 9
facebook,neuralsparse,NeuralSparse,0.6,10,0.8908070611989993,0.0055204900507334976,0.8868579405167673,0.8947561818812314,0 1 2 3 4 5 6 7 8 9
facebook,neuralsparse,NeuralSparse,0.7,10,0.8880853721871098,0.005903508040187923,0.8838622569410037,0.8923084874332159,0 1 2 3 4 5 6 7 8 9
facebook,neuralsparse,NeuralSparse,0.8,10,0.8841181152682307,0.0052462335607735555,0.8803651858601035,0.8878710446763579,0 1 2 3 4 5 6 7 8 9
facebook,neuralsparse,NeuralSparse,0.9,10,0.8841648566645336,0.00653030893336111,0.8794933550708164,0.8888363582582508,0 1 2 3 4 5 6 7 8 9
facebook,neuralsparse,NeuralSparse,AUC,10,0.7214055924985034,0.0032634294458444547,0.719071075707213,0.7237401092897939,0 1 2 3 4 5 6 7 8 9
facebook,random,Random,0.1,10,0.9351687794785587,0.0047578770474256404,0.9317651992748394,0.938572359682278,0 1 2 3 4 5 6 7 8 9
facebook,random,Random,0.2,10,0.9324993800300488,0.004752939260762762,0.9290993321061191,0.9358994279539786,0 1 2 3 4 5 6 7 8 9
facebook,random,Random,0.3,10,0.9278300815927653,0.004899907462103259,0.9243248989510459,0.9313352642344846,0 1 2 3 4 5 6 7 8 9
facebook,random,Random,0.4,10,0.9221608940359367,0.006002240704047116,0.9178671496968923,0.9264546383749811,0 1 2 3 4 5 6 7 8 9
facebook,random,Random,0.5,10,0.9167845357049759,0.005709468874065597,0.9127002277163876,0.9208688436935641,0 1 2 3 4 5 6 7 8 9
facebook,random,Random,0.6,10,0.9106938579205268,0.006382837290951075,0.906127851184645,0.9152598646564086,0 1 2 3 4 5 6 7 8 9
facebook,random,Random,0.7,10,0.9025138849570997,0.006273718193657939,0.8980259373210419,0.9070018325931576,0 1 2 3 4 5 6 7 8 9
facebook,random,Random,0.8,10,0.8968648292328956,0.005143858742945563,0.893185134357701,0.9005445241080902,0 1 2 3 4 5 6 7 8 9
facebook,random,Random,0.9,10,0.8911189255948642,0.004329861722577294,0.8880215291096439,0.8942163220800844,0 1 2 3 4 5 6 7 8 9
facebook,random,Random,AUC,10,0.732249131601096,0.003992148797472789,0.7293933203890908,0.7351049428131011,0 1 2 3 4 5 6 7 8 9
facebook,resistance_style_proxy,Resistance proxy,0.1,10,0.8990842587834713,0.005146942732961125,0.8954023577547211,0.9027661598122215,0 1 2 3 4 5 6 7 8 9
facebook,resistance_style_proxy,Resistance proxy,0.2,10,0.8894023910609233,0.005195981972786251,0.8856854094732998,0.8931193726485469,0 1 2 3 4 5 6 7 8 9
facebook,resistance_style_proxy,Resistance proxy,0.3,10,0.8876494682059363,0.005884611501244589,0.8834398707294625,0.89185906568241,0 1 2 3 4 5 6 7 8 9
facebook,resistance_style_proxy,Resistance proxy,0.4,10,0.8876748889804789,0.0056099548807283925,0.8836617690142669,0.8916880089466909,0 1 2 3 4 5 6 7 8 9
facebook,resistance_style_proxy,Resistance proxy,0.5,10,0.8857487668132501,0.006613701317695708,0.8810176099014922,0.890479923725008,0 1 2 3 4 5 6 7 8 9
facebook,resistance_style_proxy,Resistance proxy,0.6,10,0.8856008567712947,0.006164087956493311,0.8811913338824977,0.8900103796600918,0 1 2 3 4 5 6 7 8 9
facebook,resistance_style_proxy,Resistance proxy,0.7,10,0.8878454332592044,0.007320163634862866,0.8826089036500405,0.8930819628683683,0 1 2 3 4 5 6 7 8 9
facebook,resistance_style_proxy,Resistance proxy,0.8,10,0.8890433970455447,0.007145413845241393,0.8839318759052066,0.8941549181858828,0 1 2 3 4 5 6 7 8 9
facebook,resistance_style_proxy,Resistance proxy,0.9,10,0.8913939847585576,0.00615492247526268,0.8869910184600556,0.8957969510570596,0 1 2 3 4 5 6 7 8 9
facebook,resistance_style_proxy,Resistance proxy,AUC,10,0.7108204323907648,0.004695660102692182,0.7074613595081299,0.7141795052733996,0 1 2 3 4 5 6 7 8 9
github,cailp_social_multi,CILP,0.1,10,0.81379077389934,0.006215144246565275,0.8093447275408457,0.8182368202578342,0 1 2 3 4 5 6 7 8 9
github,cailp_social_multi,CILP,0.2,10,0.8133446069695474,0.005850193489948614,0.8091596306551446,0.8175295832839501,0 1 2 3 4 5 6 7 8 9
github,cailp_social_multi,CILP,0.3,10,0.8124741947422944,0.004976005228821587,0.8089145750376229,0.816033814446966,0 1 2 3 4 5 6 7 8 9
github,cailp_social_multi,CILP,0.4,10,0.8112858211249149,0.004814935085339053,0.807841424059732,0.8147302181900977,0 1 2 3 4 5 6 7 8 9
github,cailp_social_multi,CILP,0.5,10,0.809376924929061,0.006342769949681722,0.8048395806424609,0.8139142692156611,0 1 2 3 4 5 6 7 8 9
github,cailp_social_multi,CILP,0.6,10,0.8093171823191924,0.006358175965559526,0.8047688172327403,0.8138655474056444,0 1 2 3 4 5 6 7 8 9
github,cailp_social_multi,CILP,0.7,10,0.8090204081025163,0.00462155124402665,0.8057143495037228,0.8123264667013098,0 1 2 3 4 5 6 7 8 9
github,cailp_social_multi,CILP,0.8,10,0.8062413718166732,0.0042549778459026145,0.8031975440297794,0.809285199603567,0 1 2 3 4 5 6 7 8 9
github,cailp_social_multi,CILP,0.9,10,0.8033440262314453,0.004363688636165586,0.8002224314299814,0.8064656210329092,0 1 2 3 4 5 6 7 8 9
github,cailp_social_multi,CILP,AUC,10,0.6479627910069593,0.0038570393116390818,0.6452036312987097,0.6507219507152089,0 1 2 3 4 5 6 7 8 9
github,cailp_a31,Task-only,0.1,10,0.8107344591830316,0.006941314345891421,0.8057689420290622,0.8156999763370009,0 1 2 3 4 5 6 7 8 9
github,cailp_a31,Task-only,0.2,10,0.8085786813814886,0.006376448561400899,0.804017244867411,0.8131401178955662,0 1 2 3 4 5 6 7 8 9
github,cailp_a31,Task-only,0.3,10,0.8065152463986489,0.007568539530775118,0.8011010393770632,0.8119294534202346,0 1 2 3 4 5 6 7 8 9
github,cailp_a31,Task-only,0.4,10,0.8078805812124535,0.0067513928331512,0.8030509257242187,0.8127102367006884,0 1 2 3 4 5 6 7 8 9
github,cailp_a31,Task-only,0.5,10,0.8057173602439741,0.0065207901416984865,0.8010526679836094,0.8103820525043388,0 1 2 3 4 5 6 7 8 9
github,cailp_a31,Task-only,0.6,10,0.8056325618059093,0.005641780638399375,0.801596675064159,0.8096684485476595,0 1 2 3 4 5 6 7 8 9
github,cailp_a31,Task-only,0.7,10,0.8041676288208471,0.005280970205392062,0.8003898503141013,0.807945407327593,0 1 2 3 4 5 6 7 8 9
github,cailp_a31,Task-only,0.8,10,0.802746004012255,0.005928334990702397,0.7985051286356437,0.8069868793888664,0 1 2 3 4 5 6 7 8 9
github,cailp_a31,Task-only,0.9,10,0.800876643934623,0.007250324613911839,0.7956900741514039,0.8060632137178421,0 1 2 3 4 5 6 7 8 9
github,cailp_a31,Task-only,AUC,10,0.6447043615434405,0.004434206267781261,0.6415323214672064,0.6478764016196745,0 1 2 3 4 5 6 7 8 9
github,original_ilp_gcn,ILP-GCN,0.1,10,0.8163480485184078,0.006615027327303964,0.8116159430365193,0.8210801540002963,0 1 2 3 4 5 6 7 8 9
github,original_ilp_gcn,ILP-GCN,0.2,10,0.8175753541316135,0.004585823565392968,0.8142948535744656,0.8208558546887614,0 1 2 3 4 5 6 7 8 9
github,original_ilp_gcn,ILP-GCN,0.3,10,0.8163576561026289,0.004695571629241569,0.812998646510088,0.8197166656951698,0 1 2 3 4 5 6 7 8 9
github,original_ilp_gcn,ILP-GCN,0.4,10,0.8148122659330443,0.004471061712645597,0.8116138610598033,0.8180106708062854,0 1 2 3 4 5 6 7 8 9
github,original_ilp_gcn,ILP-GCN,0.5,10,0.8130939305685816,0.005088179731438309,0.8094540660587873,0.8167337950783758,0 1 2 3 4 5 6 7 8 9
github,original_ilp_gcn,ILP-GCN,0.6,10,0.8119405726197296,0.005892464076636066,0.8077253577492198,0.8161557874902394,0 1 2 3 4 5 6 7 8 9
github,original_ilp_gcn,ILP-GCN,0.7,10,0.8097994714071669,0.004758879947263652,0.8063951737721224,0.8132037690422114,0 1 2 3 4 5 6 7 8 9
github,original_ilp_gcn,ILP-GCN,0.8,10,0.8082845279409488,0.0032369968435116444,0.8059689198942803,0.8106001359876174,0 1 2 3 4 5 6 7 8 9
github,original_ilp_gcn,ILP-GCN,0.9,10,0.8072257810131911,0.003677376316084604,0.804595144469562,0.8098564175568201,0 1 2 3 4 5 6 7 8 9
github,original_ilp_gcn,ILP-GCN,AUC,10,0.6503650693469514,0.0034743368458670263,0.6478796784905306,0.6528504602033721,0 1 2 3 4 5 6 7 8 9
github,ptdnet,PTDNet,0.1,10,0.8160370945840404,0.0052420468899084935,0.8122871601398296,0.8197870290282512,0 1 2 3 4 5 6 7 8 9
github,ptdnet,PTDNet,0.2,10,0.8178081362164417,0.004446285341957889,0.8146274552910774,0.8209888171418059,0 1 2 3 4 5 6 7 8 9
github,ptdnet,PTDNet,0.3,10,0.8173853739544368,0.004723851422753898,0.814006134216307,0.8207646136925666,0 1 2 3 4 5 6 7 8 9
github,ptdnet,PTDNet,0.4,10,0.8152564274869769,0.00552317078174556,0.8113053891253023,0.8192074658486516,0 1 2 3 4 5 6 7 8 9
github,ptdnet,PTDNet,0.5,10,0.8133371620761178,0.004398087302863785,0.8101909599508746,0.816483364201361,0 1 2 3 4 5 6 7 8 9
github,ptdnet,PTDNet,0.6,10,0.8118085948143732,0.004759060849089782,0.808404167769958,0.8152130218587883,0 1 2 3 4 5 6 7 8 9
github,ptdnet,PTDNet,0.7,10,0.8091433099150984,0.004231725699844459,0.8061161157114664,0.8121705041187305,0 1 2 3 4 5 6 7 8 9
github,ptdnet,PTDNet,0.8,10,0.806634074412383,0.003459143950879265,0.8041595518983137,0.8091085969264523,0 1 2 3 4 5 6 7 8 9
github,ptdnet,PTDNet,0.9,10,0.8062235037106629,0.003289318014141216,0.8038704673532551,0.8085765400680707,0 1 2 3 4 5 6 7 8 9
github,ptdnet,PTDNet,AUC,10,0.6502503378023179,0.0032579200325451776,0.647919762207879,0.6525809133967568,0 1 2 3 4 5 6 7 8 9
github,neuralsparse,NeuralSparse,0.1,10,0.8119443948465191,0.005934491020335714,0.8076991157115962,0.816189673981442,0 1 2 3 4 5 6 7 8 9
github,neuralsparse,NeuralSparse,0.2,10,0.8089908178570535,0.006402749818738671,0.8044105665569032,0.8135710691572038,0 1 2 3 4 5 6 7 8 9
github,neuralsparse,NeuralSparse,0.3,10,0.8061522893632322,0.005116590711500809,0.8024921008626443,0.8098124778638202,0 1 2 3 4 5 6 7 8 9
github,neuralsparse,NeuralSparse,0.4,10,0.8048073151595831,0.006512494616400175,0.8001485571605294,0.809466073158637,0 1 2 3 4 5 6 7 8 9
github,neuralsparse,NeuralSparse,0.5,10,0.8022834704782312,0.005498089785551418,0.7983503739803931,0.8062165669760694,0 1 2 3 4 5 6 7 8 9
github,neuralsparse,NeuralSparse,0.6,10,0.7956870087276597,0.005835286028059531,0.7915126965690701,0.7998613208862494,0 1 2 3 4 5 6 7 8 9
github,neuralsparse,NeuralSparse,0.7,10,0.7936145238928457,0.006468401337506538,0.7889873083253562,0.7982417394603352,0 1 2 3 4 5 6 7 8 9
github,neuralsparse,NeuralSparse,0.8,10,0.7850621102056894,0.008095849241083542,0.7792706885412398,0.790853531870139,0 1 2 3 4 5 6 7 8 9
github,neuralsparse,NeuralSparse,0.9,10,0.7856699230246036,0.007119671842832276,0.7805768166034628,0.7907630294457444,0 1 2 3 4 5 6 7 8 9
github,neuralsparse,NeuralSparse,AUC,10,0.6395404694619856,0.004521265619832989,0.6363061508770305,0.6427747880469408,0 1 2 3 4 5 6 7 8 9
github,random,Random,0.1,10,0.8136925026121243,0.0037070300462000417,0.8110406530678689,0.8163443521563798,0 1 2 3 4 5 6 7 8 9
github,random,Random,0.2,10,0.8133771973544771,0.0052298445574107824,0.8096359919330878,0.8171184027758664,0 1 2 3 4 5 6 7 8 9
github,random,Random,0.3,10,0.811034452944136,0.005555022730724074,0.8070606290707903,0.8150082768174817,0 1 2 3 4 5 6 7 8 9
github,random,Random,0.4,10,0.8098240755322592,0.005660145200638404,0.8057750515740858,0.8138730994904326,0 1 2 3 4 5 6 7 8 9
github,random,Random,0.5,10,0.8073613765000406,0.0048198033199629954,0.8039134969095996,0.8108092560904816,0 1 2 3 4 5 6 7 8 9
github,random,Random,0.6,10,0.8072737322761165,0.003981430796604703,0.8044255882600507,0.8101218762921824,0 1 2 3 4 5 6 7 8 9
github,random,Random,0.7,10,0.8044896145869979,0.004568051407731841,0.8012218274655671,0.8077574017084286,0 1 2 3 4 5 6 7 8 9
github,random,Random,0.8,10,0.8062790651299752,0.00414173424043576,0.803316246938311,0.8092418833216393,0 1 2 3 4 5 6 7 8 9
github,random,Random,0.9,10,0.8062709679222662,0.0039911752622420376,0.8034158531354115,0.8091260827091208,0 1 2 3 4 5 6 7 8 9
github,random,Random,AUC,10,0.6469621249591199,0.003361440092400709,0.6445574955749549,0.6493667543432848,0 1 2 3 4 5 6 7 8 9
github,resistance_style_proxy,Resistance proxy,0.1,10,0.8057648577619834,0.007203133440003546,0.8006120465109213,0.8109176690130454,0 1 2 3 4 5 6 7 8 9
github,resistance_style_proxy,Resistance proxy,0.2,10,0.8063349783181601,0.005765036123375088,0.8022109199140315,0.8104590367222888,0 1 2 3 4 5 6 7 8 9
github,resistance_style_proxy,Resistance proxy,0.3,10,0.8057577566976424,0.005160868829303632,0.8020658935397,0.8094496198555847,0 1 2 3 4 5 6 7 8 9
github,resistance_style_proxy,Resistance proxy,0.4,10,0.8078525533120473,0.0048397405527982615,0.8043904114844113,0.8113146951396834,0 1 2 3 4 5 6 7 8 9
github,resistance_style_proxy,Resistance proxy,0.5,10,0.8065912337190755,0.004535682469618689,0.8033466019410636,0.8098358654970874,0 1 2 3 4 5 6 7 8 9
github,resistance_style_proxy,Resistance proxy,0.6,10,0.8077456178642806,0.004403726603130424,0.8045953816266467,0.8108958541019144,0 1 2 3 4 5 6 7 8 9
github,resistance_style_proxy,Resistance proxy,0.7,10,0.8082507358742788,0.0038747285995682115,0.8054789220117471,0.8110225497368104,0 1 2 3 4 5 6 7 8 9
github,resistance_style_proxy,Resistance proxy,0.8,10,0.8077502395944031,0.004910280809315903,0.8042376363071169,0.8112628428816893,0 1 2 3 4 5 6 7 8 9
github,resistance_style_proxy,Resistance proxy,0.9,10,0.8081564505038609,0.005166492812165134,0.8044605641909395,0.8118523368167823,0 1 2 3 4 5 6 7 8 9
github,resistance_style_proxy,Resistance proxy,AUC,10,0.6457243769512809,0.0037295870607852734,0.6430563910908634,0.6483923628116984,0 1 2 3 4 5 6 7 8 9
