dataset,method,removal,metric,mean
lastfm,CILP,0.3,giant_component_ratio,0.966434942287513
lastfm,CILP,0.3,bridge_preservation,0.9325038880248835
lastfm,CILP,0.3,minority_degree_retention,0.9363636295537192
lastfm,CILP,0.5,giant_component_ratio,0.9280167890870933
lastfm,CILP,0.5,bridge_preservation,0.9044064282011405
lastfm,CILP,0.5,minority_degree_retention,0.8909090844297521
lastfm,CILP,0.7,giant_component_ratio,0.7138509968520462
lastfm,CILP,0.7,bridge_preservation,0.8108346293416278
lastfm,CILP,0.7,minority_degree_retention,0.8181818122314048
lastfm,Task-only,0.3,giant_component_ratio,0.871511017838405
lastfm,Task-only,0.3,bridge_preservation,0.7628304821150855
lastfm,Task-only,0.3,minority_degree_retention,0.7545454490578513
lastfm,Task-only,0.5,giant_component_ratio,0.7716552990556138
lastfm,Task-only,0.5,bridge_preservation,0.6813893208916537
lastfm,Task-only,0.5,minority_degree_retention,0.6727272678347108
lastfm,Task-only,0.7,giant_component_ratio,0.5750786988457502
lastfm,Task-only,0.7,bridge_preservation,0.5742871954380508
lastfm,Task-only,0.7,minority_degree_retention,0.6045454501487604
lastfm,ILP-GCN,0.3,giant_component_ratio,0.9823189926547744
lastfm,ILP-GCN,0.3,bridge_preservation,0.9851736651114568
lastfm,ILP-GCN,0.3,minority_degree_retention,0.9636363566280993
lastfm,ILP-GCN,0.5,giant_component_ratio,0.8804171038824764
lastfm,ILP-GCN,0.5,bridge_preservation,0.9201140487299119
lastfm,ILP-GCN,0.5,minority_degree_retention,0.9090909024793389
lastfm,ILP-GCN,0.7,giant_component_ratio,0.6223635886673662
lastfm,ILP-GCN,0.7,bridge_preservation,0.7198548470710213
lastfm,ILP-GCN,0.7,minority_degree_retention,0.804545448694215
lastfm,PTDNet,0.3,giant_component_ratio,0.9492130115424974
lastfm,PTDNet,0.3,bridge_preservation,0.8893727319854847
lastfm,PTDNet,0.3,minority_degree_retention,0.9999999927272729
lastfm,PTDNet,0.5,giant_component_ratio,0.8223111227701994
lastfm,PTDNet,0.5,bridge_preservation,0.7588906168999482
lastfm,PTDNet,0.5,minority_degree_retention,0.9136363569917355
lastfm,PTDNet,0.7,giant_component_ratio,0.553580797481637
lastfm,PTDNet,0.7,bridge_preservation,0.5662519440124416
lastfm,PTDNet,0.7,minority_degree_retention,0.6272727227107439
lastfm,random,0.3,giant_component_ratio,nan
lastfm,random,0.3,bridge_preservation,nan
lastfm,random,0.3,minority_degree_retention,nan
lastfm,random,0.5,giant_component_ratio,nan
lastfm,random,0.5,bridge_preservation,nan
lastfm,random,0.5,minority_degree_retention,nan
lastfm,random,0.7,giant_component_ratio,nan
lastfm,random,0.7,bridge_preservation,nan
lastfm,random,0.7,minority_degree_retention,nan
facebook,CILP,0.3,giant_component_ratio,0.9471695594125501
facebook,CILP,0.3,bridge_preservation,0.8475950218634376
facebook,CILP,0.3,minority_degree_retention,0.7610952467187396
facebook,CILP,0.5,giant_component_ratio,0.9230351579884288
facebook,CILP,0.5,bridge_preservation,0.8274133871510261
facebook,CILP,0.5,minority_degree_retention,0.6497604573542595
facebook,CILP,0.7,giant_component_ratio,0.8439652870493992
facebook,CILP,0.7,bridge_preservation,0.7933736966027581
facebook,CILP,0.7,minority_degree_retention,0.49663708748627683
facebook,Task-only,0.3,giant_component_ratio,0.7214953271028037
facebook,Task-only,0.3,bridge_preservation,0.45045408678102916
facebook,Task-only,0.3,minority_degree_retention,0.6446432861185234
facebook,Task-only,0.5,giant_component_ratio,0.6258878504672897
facebook,Task-only,0.5,bridge_preservation,0.4220652539522368
facebook,Task-only,0.5,minority_degree_retention,0.4928145780544912
facebook,Task-only,0.7,giant_component_ratio,0.5339563862928347
facebook,Task-only,0.7,bridge_preservation,0.3974772956609485
facebook,Task-only,0.7,minority_degree_retention,0.34903545959592663
facebook,ILP-GCN,0.3,giant_component_ratio,0.9967601246105918
facebook,ILP-GCN,0.3,bridge_preservation,0.9928355196770937
facebook,ILP-GCN,0.3,minority_degree_retention,0.9915393225583659
facebook,ILP-GCN,0.5,giant_component_ratio,0.966390743213173
facebook,ILP-GCN,0.5,bridge_preservation,0.979347460477632
facebook,ILP-GCN,0.5,minority_degree_retention,0.9637072401009984
facebook,ILP-GCN,0.7,giant_component_ratio,0.6954739652870494
facebook,ILP-GCN,0.7,bridge_preservation,0.8831146989572822
facebook,ILP-GCN,0.7,minority_degree_retention,0.7305476178477108
facebook,PTDNet,0.3,giant_component_ratio,0.903440142412105
facebook,PTDNet,0.3,bridge_preservation,0.793104608139926
facebook,PTDNet,0.3,minority_degree_retention,0.8159437644017806
facebook,PTDNet,0.5,giant_component_ratio,0.7539830885625278
facebook,PTDNet,0.5,bridge_preservation,0.6073662966700303
facebook,PTDNet,0.5,minority_degree_retention,0.6296316348382578
facebook,PTDNet,0.7,giant_component_ratio,0.550115709835336
facebook,PTDNet,0.7,bridge_preservation,0.42230070635721495
facebook,PTDNet,0.7,minority_degree_retention,0.46872731217567276
facebook,random,0.3,giant_component_ratio,nan
facebook,random,0.3,bridge_preservation,nan
facebook,random,0.3,minority_degree_retention,nan
facebook,random,0.5,giant_component_ratio,nan
facebook,random,0.5,bridge_preservation,nan
facebook,random,0.5,minority_degree_retention,nan
facebook,random,0.7,giant_component_ratio,nan
facebook,random,0.7,bridge_preservation,nan
facebook,random,0.7,minority_degree_retention,nan
github,CILP,0.3,giant_component_ratio,0.9299549071618036
github,CILP,0.3,bridge_preservation,0.8105895821408128
github,CILP,0.3,minority_degree_retention,0.7237271425206078
github,CILP,0.5,giant_component_ratio,0.9026870026525199
github,CILP,0.5,bridge_preservation,0.8024422820072505
github,CILP,0.5,minority_degree_retention,0.5653168904441532
github,CILP,0.7,giant_component_ratio,0.8645994694960212
github,CILP,0.7,bridge_preservation,0.7950581950009541
github,CILP,0.7,minority_degree_retention,0.39849993821900226
github,Task-only,0.3,giant_component_ratio,0.7840185676392573
github,Task-only,0.3,bridge_preservation,0.522667429879794
github,Task-only,0.3,minority_degree_retention,0.6221842765618667
github,Task-only,0.5,giant_component_ratio,0.6742758620689655
github,Task-only,0.5,bridge_preservation,0.482923106277428
github,Task-only,0.5,minority_degree_retention,0.45172011155293357
github,Task-only,0.7,giant_component_ratio,0.576023872679045
github,Task-only,0.7,bridge_preservation,0.4608090059149017
github,Task-only,0.7,minority_degree_retention,0.2785330176488479
github,ILP-GCN,0.3,giant_component_ratio,0.9503766578249337
github,ILP-GCN,0.3,bridge_preservation,0.752738027094066
github,ILP-GCN,0.3,minority_degree_retention,0.8242457989474241
github,ILP-GCN,0.5,giant_component_ratio,0.9254641909814325
github,ILP-GCN,0.5,bridge_preservation,0.6853081473001337
github,ILP-GCN,0.5,minority_degree_retention,0.6656571048682108
github,ILP-GCN,0.7,giant_component_ratio,0.8777347480106101
github,ILP-GCN,0.7,bridge_preservation,0.5974241556954779
github,ILP-GCN,0.7,minority_degree_retention,0.463399305394654
github,PTDNet,0.3,giant_component_ratio,0.9510238726790451
github,PTDNet,0.3,bridge_preservation,0.7574890288112954
github,PTDNet,0.3,minority_degree_retention,0.8662530842976869
github,PTDNet,0.5,giant_component_ratio,0.9254429708222812
github,PTDNet,0.5,bridge_preservation,0.6873879030719328
github,PTDNet,0.5,minority_degree_retention,0.7462112160423963
github,PTDNet,0.7,giant_component_ratio,0.8698222811671087
github,PTDNet,0.7,bridge_preservation,0.5894676588437321
github,PTDNet,0.7,minority_degree_retention,0.5717607920915363
github,random,0.3,giant_component_ratio,nan
github,random,0.3,bridge_preservation,nan
github,random,0.3,minority_degree_retention,nan
github,random,0.5,giant_component_ratio,nan
github,random,0.5,bridge_preservation,nan
github,random,0.5,minority_degree_retention,nan
github,random,0.7,giant_component_ratio,nan
github,random,0.7,bridge_preservation,nan
github,random,0.7,minority_degree_retention,nan
