protocol,dataset,variant,auc_mean,auc_sd,vs_full_n,vs_full_mean_diff,vs_full_ci_low,vs_full_ci_high,vs_full_d_z,vs_full_wins,vs_full_ties,vs_full_losses,vs_full_p_raw,giant_component_ratio@0.5_mean,giant_component_ratio@0.5_diff_vs_full,bridge_retention@0.5_mean,bridge_retention@0.5_diff_vs_full,minority_degree_retention@0.5_mean,minority_degree_retention@0.5_diff_vs_full,conductance_ratio@0.5_mean,conductance_ratio@0.5_diff_vs_full,nmi_leiden@0.5_mean,nmi_leiden@0.5_diff_vs_full,ari_leiden@0.5_mean,ari_leiden@0.5_diff_vs_full,modularity_retention@0.5_mean,modularity_retention@0.5_diff_vs_full,vs_full_p_holm_exploratory
REVISED,lastfm,task_only,0.5534467412578609,0.05689221869413105,10,-0.046566279008168204,-0.08297979978179192,-0.010152758234544493,-0.9148115471108831,0,0,10,0.001953125,0.6996852046169989,-0.17593126967471143,0.5533437013996889,-0.3064800414722654,0.5772727230743803,-0.2999999978181818,1.1889608654675141,0.17792875583081003,0.6111355787039092,-0.0481479869326452,0.4451679126002186,-0.0790134773922193,0.9861805631999065,-0.013956322450374804,0.06640625
REVISED,lastfm,loo_task,0.6011594722869752,0.025973262030894832,10,0.0011464520209460206,-0.0012220211396488292,0.0035149251815408704,0.3462662715426542,6,0,4,0.375,0.8822796432318993,0.006663168940188901,0.8690513219284604,0.00922757905650598,0.8954545389421489,0.018181818049586775,1.0197825221916401,0.008750412554936082,0.6647621756740174,0.005478610037462939,0.527155743973093,0.0029743539806550865,0.9999656578315923,-0.00017122781868871283,1.0
REVISED,lastfm,loo_comm,0.5985496133927639,0.02559689551904495,10,-0.0014634068732652604,-0.003139792088237403,0.00021297834170688193,-0.6244735420662271,3,0,7,0.083984375,0.8691894018887725,-0.006427072402938094,0.8635044064282014,0.003680663556246755,0.8954545389421489,0.018181818049586775,0.999746583550332,-0.011285526086371922,0.667432929223755,0.008149363587200642,0.5375415223867022,0.013360132394264307,1.0005513222192524,0.0004144365689713103,1.0
REVISED,lastfm,loo_conn,0.6004610915039528,0.028184834359306035,10,0.0004480712379237084,-0.004513723753317664,0.00540986622916508,0.06459977790079492,7,0,3,0.4921875,0.8659365162644279,-0.009679958027282276,0.8206324520476931,-0.039191290824261274,0.8590909028429753,-0.01818181804958678,1.0330768245675448,0.02204471493084078,0.6714662063070528,0.0121826406704983,0.541127796586476,0.01694640659403802,1.0002215205267222,8.463487644112533e-05,1.0
REVISED,lastfm,loo_spec,0.5942633559813616,0.027069220322852763,10,-0.005749664284667633,-0.009260847952212456,-0.00223848061712281,-1.1714175168818601,0,0,10,0.001953125,0.8632345225603357,-0.012381951731374597,0.8498185588387767,-0.010005184033177811,0.8727272663801653,-0.004545454512396696,1.0097479867808432,-0.0012841228558608364,0.6658023749505376,0.006518809313983187,0.5428983635540506,0.018716973561612716,1.0000231081538444,-0.00011377749643669555,0.06640625
REVISED,lastfm,loo_repr,0.5966926538845005,0.026218630411371905,10,-0.0033203663815285834,-0.005543459440973261,-0.0010972733220839057,-1.0684424618874555,0,0,10,0.001953125,0.8622770199370409,-0.013339454354669456,0.8468636599274235,-0.012960082944530837,0.8636363573553719,-0.013636363537190088,1.005785347261306,-0.005246762375398073,0.6640137418406439,0.00473017620408942,0.5384445028494498,0.014263112857011895,0.999711484926349,-0.00042540072393207893,0.06640625
REVISED,lastfm,loo_group,0.5998510598574077,0.02590928889203324,10,-0.00016196040862154204,-0.0004454575103807543,0.0001215366931376702,-0.4086796516971754,1,5,4,0.1875,0.8756164742917104,0.0,0.8598237428719543,0.0,0.8772727208925619,0.0,1.011030220633647,-1.889003057065075e-06,0.6594010306645254,0.00011746502797094216,0.5220392034104957,-0.00214218658194234,1.0001388918600547,2.006209773552925e-06,1.0
REVISED,lastfm,grp_deletion_only,0.5959831985516872,0.02608761977013103,10,-0.004029821714341986,-0.008469998248526402,0.00041035481984243,-0.649244634996438,2,0,8,0.083984375,0.8592995802728227,-0.016316894018887706,0.8553136340072577,-0.004510108864696732,0.8727272663801653,-0.004545454512396696,1.001178873678215,-0.009853235958488981,0.6634618106153561,0.004178244978801681,0.5300725577200017,0.0058911677275637455,1.0000537742769995,-8.311137328167461e-05,1.0
REVISED,lastfm,grp_task_plus_proxies,0.5881991555697683,0.023750608507814977,10,-0.011813864696260657,-0.025471745073790623,0.0018440156812693075,-0.6187731524421429,2,0,8,0.048828125,0.8084994753410284,-0.06711699895068204,0.7349922239502333,-0.1248315189217211,0.7999999941818182,-0.07727272671074381,1.0719016059900315,0.06086949635332749,0.6502405548757639,-0.009043010760790438,0.5159410514860487,-0.008240338506389161,0.9950453089522829,-0.005091576697998201,1.0
REVISED,lastfm,grp_proxies_only,0.5923090237143661,0.028988612622475155,10,-0.0077039965516629725,-0.015567727997665457,0.00015973489433951295,-0.7008259596332,2,0,8,0.064453125,0.8654249737670513,-0.01019150052465897,0.8262312078797305,-0.03359253499222395,0.8545454483305785,-0.022727272561983473,1.009287607868386,-0.0017445017683184183,0.6639696059880905,0.004686040351536169,0.5234238383375966,-0.000757551654841121,1.0012441408238144,0.0011072551735332946,1.0
REVISED,lastfm,w_balanced,0.6036491217108185,0.024307521612602995,10,0.0036361014447894523,0.0006419516826211787,0.0066302512069577255,0.8687308538370069,9,0,1,0.009765625,0.897193074501574,0.021576600209863583,0.8829963711767755,0.02317262830482115,0.9227272660165289,0.04545454512396695,1.0246129077520003,0.013580798115296343,0.6722566374178061,0.012973071781251622,0.540548831117825,0.016367441125387044,0.9998912225079029,-0.0002456631423783384,0.2734375
REVISED,lastfm,w_task_focused,0.5975881960397946,0.024120764351634644,10,-0.002424824226234501,-0.006294805219778897,0.0014451567673098944,-0.44822306852106863,3,0,7,0.232421875,0.8591946484784889,-0.0164218258132214,0.8208916537065838,-0.03893208916537065,0.8681818118677687,-0.009090909024793387,1.0464012001101952,0.035369090473491224,0.6575822503406852,-0.001701315295869299,0.5315598205948247,0.007378430602386776,0.9971712245816408,-0.0029656610686403352,1.0
REVISED,lastfm,w_structure_focused,0.6018711347034517,0.02855477646496524,10,0.0018581144374224534,-0.001174837110290419,0.004891065985135326,0.43825790620662664,7,0,3,0.193359375,0.8937434417628541,0.018126967471143764,0.8715396578538102,0.011715914981855891,0.8863636299173555,0.00909090902479338,1.0245049518831695,0.013472842246465732,0.6715027444918746,0.012219178855320279,0.5371626257608879,0.012981235768450079,1.0006360166421788,0.0004991309918976672,1.0
REVISED,lastfm,w_reduced_proxy,0.5960925291819074,0.025691596010615447,10,-0.003920491084121747,-0.006347354895082275,-0.0014936272731612184,-1.1556274230246946,2,0,8,0.009765625,0.8602964323189927,-0.015320041972717713,0.8549507516848107,-0.004872991187143611,0.8772727208925619,0.0,0.9997486618114371,-0.011283447825266957,0.6564523079807362,-0.002831257655818231,0.5229226274833458,-0.0012587625090919707,1.0003417860561559,0.00020490040587453073,0.2734375
REVISED,lastfm,dir_00,0.5996893398829631,0.028139292535564988,10,-0.0003236803830659829,-0.005120580982082291,0.0044732202159503244,-0.048270126215808,6,0,4,1.0,0.8880508919202519,0.012434417628541462,0.8725246241575946,0.012700881285640214,0.8999999934545455,0.02272727256198347,1.0128534179316777,0.001821308294973567,0.671053970270852,0.01177040463429756,0.5332182102526482,0.009036820260210233,1.0011013876275825,0.0009645019773013019,1.0
REVISED,lastfm,dir_01,0.5650735262341857,0.040886179709380174,10,-0.0349394940318433,-0.0584969347809622,-0.011382053282724403,-1.0609899697339717,1,0,9,0.00390625,0.7742523609653724,-0.10136411332633788,0.7135303265940902,-0.14629341627786419,0.7409090855206613,-0.13636363537190083,1.014626226023626,0.003594116386922064,0.6311031203692393,-0.028180445267315113,0.474866238609626,-0.049315151382811895,1.0013691463168193,0.0012322606665381764,0.1171875
REVISED,lastfm,dir_02,0.5974131697262947,0.026871576393122338,10,-0.0025998505397344497,-0.005414437898767284,0.00021473681929838444,-0.6607792904945167,2,0,8,0.048828125,0.8667890870933894,-0.008827387198321069,0.8452047693105236,-0.01461897356143078,0.8636363573553719,-0.013636363537190086,1.0087738788355303,-0.002258230801173755,0.6649895279051433,0.0057059622685890045,0.5276913950941474,0.0035100051017094847,0.9998426062868182,-0.00029427936346299033,1.0
REVISED,lastfm,dir_03,0.596294091293609,0.029330829682025723,10,-0.0037189289724201325,-0.011972395680072901,0.004534537735232637,-0.32233261701220955,5,0,5,0.76953125,0.8544858342077649,-0.02113064008394543,0.8151892172109901,-0.04463452566096422,0.8499999938181817,-0.027272727074380176,1.0089739972978984,-0.002058112338805784,0.6638639029725371,0.004580337335982676,0.5309779416533558,0.006796551660917938,1.0014604960096798,0.001323610359398464,1.0
REVISED,lastfm,dir_04,0.6008806527585371,0.026165255134453135,10,0.0008676324925078416,-0.0016868039508194394,0.0034220689358351224,0.24297605720301715,5,0,5,0.625,0.8792890870933892,0.0036726128016789207,0.8634525660964231,0.0036288232244686414,0.8818181754049588,0.004545454512396685,1.0099280383513154,-0.0011040712853886193,0.6608636960299256,0.0015801303933711819,0.5253808788062253,0.0011994888137874305,1.0003524401259618,0.0002155544756807126,1.0
REVISED,lastfm,dir_05,0.600455068877978,0.026496517668901817,10,0.00044204861194875323,-0.00631151882015983,0.007195616044057337,0.04682303545777585,6,0,4,0.375,0.9002885624344176,0.024672088142707226,0.8724727838258165,0.012649040953862111,0.8772727208925619,2.7755575615628915e-18,1.024917313769229,0.01388520413252473,0.6728635272887324,0.013579961652177997,0.5398936409989998,0.015712251006561935,1.0016440477336537,0.0015071620833726818,1.0
REVISED,lastfm,dir_06,0.5874437904035804,0.031761178863686894,10,-0.01256922986244866,-0.022461752248892963,-0.0026767074760043596,-0.9089173654414501,2,0,8,0.01953125,0.8434417628541448,-0.03217471143756556,0.8062208398133748,-0.05360290305857958,0.8454545393057853,-0.031818181586776864,1.0067490854229686,-0.0042830242137354094,0.6569466740386601,-0.002336891597894264,0.5122866968490978,-0.011894693143340232,1.002117426454374,0.001980540804092845,0.5078125
REVISED,lastfm,dir_07,0.6021972244580084,0.026686846732746818,10,0.0021842041919792887,0.00022671691302256604,0.004141691470936012,0.7982098119451484,8,0,2,0.037109375,0.8932056663168939,0.01758919202518363,0.8811301192327632,0.021306376360808715,0.9181818115041324,0.04090909061157025,1.0203375678704465,0.009305458233742325,0.670579045053925,0.011295479417370646,0.5397124081601116,0.015531018167673678,1.00066705366392,0.0005301680136387433,0.853515625
REVISED,lastfm,dir_08,0.6015137629177858,0.025311271158148244,10,0.0015007426517566259,-0.0004940105299527184,0.0034954958334659702,0.5381952162750259,6,0,4,0.130859375,0.888444386149003,0.012827911857292772,0.8767755313634007,0.01695178849144634,0.904545447966942,0.02727272707438016,1.021219774312332,0.01018766467562796,0.6640017623986048,0.0047181967620503525,0.5278131372946205,0.0036317473021827418,1.000151292415603,1.4406765322028115e-05,1.0
REVISED,lastfm,dir_09,0.6016555051894252,0.025925381872618572,10,0.001642484923396137,-0.003662556289501807,0.006947526136294081,0.22148045336132607,8,0,2,0.10546875,0.9111227701993705,0.03550629590766004,0.8958527734577502,0.03602903058579575,0.9272727205289255,0.04999999963636363,1.0269058924892474,0.015873782852543362,0.6757648343932148,0.016481268756660283,0.5379755270135266,0.013794137021088651,1.0018403145326438,0.0017034288823626342,1.0
REVISED,lastfm,dir_10,0.5937357355509978,0.02668490201019221,10,-0.006277284715031228,-0.011497507703771417,-0.00105706172629104,-0.8602120984943485,3,0,7,0.02734375,0.8621065057712487,-0.01350996852046168,0.8321928460342146,-0.027630896837739748,0.8590909028429753,-0.018181818049586785,1.0159974315486215,0.004965321911917597,0.6620165448360934,0.002732979199539054,0.5235581879025862,-0.0006232020898516766,1.0000831576168292,-5.372803345202737e-05,0.68359375
REVISED,lastfm,dir_11,0.602296351058756,0.024749082854762797,10,0.0022833307927268122,-0.00015988805862203297,0.004726549644075657,0.6685428324733149,7,0,3,0.02734375,0.9000262329485833,0.02440975865687304,0.8925349922239502,0.03271124935199586,0.9363636295537191,0.05909090866115703,1.0312175185053938,0.02018540886868999,0.663554720804723,0.004271155168168572,0.5281046848372752,0.00392329484483746,0.9998025900985361,-0.00033429555174513403,0.68359375
REVISED,lastfm,dir_12,0.6010487957730695,0.024828854126242274,10,0.0010357755070403707,-0.005026545475439652,0.007098096489520394,0.1222220275297581,7,0,3,0.322265625,0.909417628541448,0.03380115424973769,0.8958009331259719,0.03597719025401762,0.9272727205289255,0.04999999963636363,1.0255027243908021,0.014470614754098133,0.6774017071498388,0.018118141513284402,0.5492812504490405,0.025099860456602778,1.0013153831256019,0.001178497475320861,1.0
REVISED,lastfm,dir_13,0.5909890424572921,0.034239535324155114,10,-0.009023977808737116,-0.020519923752762743,0.0024719681352885128,-0.5615340291609875,4,0,6,0.16015625,0.8553646379853095,-0.020251836306400824,0.8161223431829964,-0.043701399688958004,0.8545454483305785,-0.022727272561983473,1.0107642205375407,-0.00026788909916357627,0.6559167662419353,-0.003366799394619191,0.5038416961934684,-0.020339693798969397,1.0030205673623325,0.002883681712051256,1.0
REVISED,lastfm,dir_14,0.5930182885195453,0.030523016355633165,10,-0.006994731746483773,-0.01425336370829888,0.00026390021533133443,-0.6893488589455645,4,0,6,0.10546875,0.8629984260230849,-0.012618048268625382,0.8244167962674961,-0.03540694660445827,0.8590909028429753,-0.018181818049586778,1.012096815250962,0.0010647056142578325,0.655284718424621,-0.003998847211933387,0.503777819603755,-0.020403570388682842,1.0008897350303672,0.0007528493800859404,1.0
REVISED,lastfm,dir_15,0.6029685235431608,0.025753268285492834,10,0.00295550327713161,-0.0005064079034572989,0.006417414457720519,0.6107145936677706,7,0,3,0.130859375,0.9107423924449108,0.03512591815320043,0.8864696734059099,0.026645930533955427,0.9136363569917355,0.036363636099173556,1.0346341783290052,0.023602068692301147,0.6788967627447184,0.01961319710816407,0.5467607530817101,0.02257936308927231,1.0005879461582965,0.00045106050801535513,1.0
REVISED,lastfm,dir_16,0.6032299548928632,0.023506360622595365,10,0.0032169346268341005,0.0002110951228985261,0.006222774130769675,0.7655952350102991,7,0,3,0.037109375,0.9022822665267576,0.026665792235047225,0.8885951270088128,0.028771384136858487,0.9363636295537191,0.05909090866115703,1.0301377459743244,0.01910563633762029,0.6698417807372226,0.010558215100668145,0.5438586753610017,0.019677285368563797,0.9995219795040622,-0.0006149061462189298,0.853515625
REVISED,lastfm,dir_17,0.6004751219005235,0.023600642156244682,10,0.0004621016344944828,-0.0022964033735077723,0.003220606642496738,0.11983577863559118,7,0,3,0.6953125,0.8837880377754459,0.008171563483735577,0.8747019180922759,0.01487817522032141,0.9181818115041323,0.04090909061157024,1.0098846525464091,-0.001147457090294779,0.6649495549982529,0.005665989361698498,0.5367472931849353,0.01256590319249734,1.0001529524322472,1.6066781966050937e-05,1.0
REVISED,lastfm,dir_18,0.5710862475822406,0.04495493099797293,10,-0.02892677268378845,-0.048635595623155906,-0.009217949744420993,-1.0499341676041798,0,0,10,0.001953125,0.735414480587618,-0.1402019937040923,0.635303265940902,-0.22452047693105234,0.654545449785124,-0.22272727110743804,1.1039723419851306,0.0929402323484266,0.626788230924291,-0.03249533471226338,0.47209082892466947,-0.05209056106776838,0.9913668105742627,-0.008770075076018412,0.06640625
REVISED,lastfm,dir_19,0.5821199402381793,0.036842229506655624,10,-0.01789308002784985,-0.033318175698528144,-0.0024679843571715557,-0.8298125755975664,1,0,9,0.00390625,0.8220619097586569,-0.05355456453305352,0.7783825816485226,-0.08144116122343184,0.8181818122314051,-0.05909090866115703,1.009896982187713,-0.001135127448990958,0.6518099228288875,-0.007473642807666925,0.5128691603081267,-0.011312229684311201,0.9988840488224676,-0.0012528368278135304,0.1171875
REVISED,facebook,task_only,0.7389382176962415,0.009292507924604905,10,-0.0037510363225381925,-0.015462454288489066,0.00796038164341268,-0.22912082428807218,4,0,6,0.431640625,0.8800489541611036,-0.07333778371161548,0.850016818028927,-0.05610494450050453,0.6039357839172401,-0.09550103562994179,1.0366223705961892,0.06352701892400363,0.6866424304074106,-0.04223992616267823,0.45348168431121394,-0.05766506843307111,1.0013051599604017,-0.021266114653895385,1.0
REVISED,facebook,loo_task,0.7430435391869772,0.008932398483868441,10,0.00035428516819738796,-0.0003561256020709388,0.0010646959384657147,0.35675182917555714,5,0,5,0.431640625,0.9609479305740989,0.007561192701379604,0.9108980827447024,0.004776320215270777,0.7113315631905099,0.011894743643327954,0.9637860528167519,-0.009309298855434023,0.7390468790432826,0.010164522473193893,0.529971943214435,0.018825190470149883,1.0229931788449427,0.0004219042306456311,1.0
REVISED,facebook,loo_comm,0.7424823668737053,0.010275483616273662,10,-0.0002068871450744525,-0.0006342451782559282,0.0002204708881070232,-0.3463095028013066,4,0,6,0.76953125,0.9475211392968401,-0.0058655985758789605,0.9011099899091827,-0.005011772620248894,0.6872572493894016,-0.012179570157780494,0.9803291169037716,0.007233765231585721,0.7315972040244499,0.0027148474543612798,0.5148161899646226,0.003669437220337646,1.0218142163536614,-0.0007570582606356124,1.0
REVISED,facebook,loo_conn,0.7431876953068333,0.009103390208214138,10,0.0004984412880535638,-0.00022447899992025897,0.0012213615760273866,0.4932264643425688,5,4,1,0.21875,0.959136626613262,0.005749888740542941,0.9105953582240162,0.004473595694584604,0.7051916098050969,0.0057547902579148545,0.9629084633476157,-0.010186888324570076,0.7379602825642466,0.009077925994157899,0.5302893432474323,0.0191425905031472,1.0253840377794334,0.0028127631651362005,1.0
REVISED,facebook,loo_spec,0.7414469385807445,0.010397286512756608,10,-0.0012423154380351797,-0.003008533195797483,0.000523902319727124,-0.5031649829748771,1,0,9,0.00390625,0.9390298175344904,-0.01435692033822874,0.8936764211234444,-0.01244534140598722,0.681716079017326,-0.017720740529856033,0.9802919592821372,0.007196607609951144,0.720798301088234,-0.00808405548185489,0.4997390220309407,-0.01140773071334435,1.0215183620568165,-0.0010529125574808118,0.12109375
REVISED,facebook,loo_repr,0.7424297064542953,0.010270797477285836,10,-0.000259547564484508,-0.0010536312441997132,0.0005345361152306971,-0.23381558824258453,5,0,5,0.845703125,0.9497997329773031,-0.0035870048954161015,0.9029263370332996,-0.003195425496131854,0.6801980831618918,-0.01923873638529026,0.978775839853031,0.005680488180845045,0.729442605897105,0.0005602493270161601,0.5140802014622378,0.0029334487179527692,1.0228209538424458,0.000249679228148636,1.0
REVISED,facebook,loo_group,0.7426839862493995,0.009719778519292357,10,-5.267769380257192e-06,-0.00011098330851464115,0.00010044776975412677,-0.03564599146139386,2,5,3,0.8125,0.9532220738762796,-0.00016466399643969565,0.9059199461823075,-0.00020181634712411743,0.6990484197547469,-0.0003883997924352234,0.9725975507540767,-0.0004978009181090482,0.7331250264450693,0.004242669874980398,0.5171072096970932,0.005960456952808224,1.0226388360117542,6.756139745700551e-05,1.0
REVISED,facebook,grp_deletion_only,0.7414955151828592,0.010779018031816709,10,-0.0011937388359205769,-0.0027345037644006687,0.0003470260925595148,-0.554237252183989,3,0,7,0.083984375,0.9364886515353806,-0.01689808633733867,0.8939455095862765,-0.012176252943155053,0.6698472286934936,-0.02958959085368834,0.9916482793295802,0.018552927657394323,0.7220278466953702,-0.006854509874718517,0.5075426764964183,-0.003604076247866672,1.0211695888671746,-0.0014016857471226384,1.0
REVISED,facebook,grp_task_plus_proxies,0.7382908430020884,0.01496245649427389,10,-0.00439841101669145,-0.013667789173087638,0.004870967139704738,-0.3394438810325455,3,0,7,0.232421875,0.8887538940809968,-0.0646328437917223,0.791321897073663,-0.11479986545576859,0.6596776274615654,-0.039759192085616665,1.0305818113281962,0.05748645965601029,0.7081106186275731,-0.020771737942515613,0.48488277893436676,-0.02626397380991825,1.0113375511887486,-0.011233723425548759,1.0
REVISED,facebook,grp_proxies_only,0.7438942845290909,0.006525339212654886,10,0.0012050305103112001,-0.0012792908235345199,0.00368935184415692,0.346986875543735,6,0,4,0.625,0.9657854917668003,0.012398753894080983,0.9192734611503532,0.013151698620921633,0.7273368713037771,0.027900051756595157,0.9628994034587599,-0.01019594821342582,0.7317639872245454,0.0028816306544567237,0.5074783678978416,-0.0036683848464434342,1.0230892289375348,0.0005179543232375239,1.0
REVISED,facebook,w_balanced,0.7436689284508052,0.008469968052658889,10,0.0009796744320255235,6.116520780510642e-06,0.001953232343270536,0.7198512409738816,10,0,0,0.001953125,0.9640498442367601,0.010663106364040942,0.914127144298688,0.00800538176925664,0.7230353436025574,0.023598524055375325,0.9666024121232063,-0.00649293954897946,0.7331627765422992,0.004280419972210514,0.5225705830490049,0.011423830304719846,1.0234765324015052,0.0009052577872080359,0.06640625
REVISED,facebook,w_task_focused,0.737318367387505,0.014012395687000887,10,-0.00537088663127473,-0.013766234998103474,0.0030244617355540153,-0.4576463864374626,1,0,9,0.037109375,0.8782198486871383,-0.07516688918558077,0.7667003027245207,-0.13942145980491089,0.6414454938716696,-0.05799132567551234,1.0168174231420506,0.04372207146986497,0.7005742165960006,-0.028308139974088063,0.48031660306280494,-0.03083014968148016,1.0105217092012666,-0.012049565413030882,1.0
REVISED,facebook,w_structure_focused,0.7436093066880466,0.00758396120246158,10,0.0009200526692668354,-0.0007827778578607282,0.002622883196394399,0.38651293851495044,6,0,4,0.76953125,0.9641967067200712,0.010809968847352015,0.9136898755465859,0.007568113017154393,0.727343344633651,0.02790652508646907,0.9621928176401416,-0.010902534032044131,0.7324454542011463,0.0035630976310575212,0.5117348290732213,0.00058807632893636,1.0228168998334763,0.00024562521917899095,1.0
REVISED,facebook,w_reduced_proxy,0.7420155771011077,0.010508324602481063,10,-0.0006736769176719948,-0.0015543476569778866,0.00020699382163389692,-0.5472186300199195,2,0,8,0.048828125,0.9415264797507789,-0.011860258121940349,0.8972082071981162,-0.008913555331315165,0.6778385544228478,-0.021598265124334097,0.9872063602802565,0.01411100860807073,0.7242388992476154,-0.0046434573224732765,0.5089865430997338,-0.002160209644551303,1.0213683583034325,-0.0012029163108648988,1.0
REVISED,facebook,dir_00,0.7432496947951825,0.008680452536785774,10,0.0005604407764027486,-0.00036357581042866817,0.0014844573632341652,0.43388309854043633,6,0,4,0.431640625,0.9610280373831775,0.007641299510458388,0.9114362596703666,0.005314497140935087,0.7136069386411928,0.014170119094010846,0.9590684511617276,-0.014026900510458119,0.7358451067668501,0.0069627501967613244,0.5206907380534564,0.00954398530917141,1.0236577876075281,0.001086512993231148,1.0
REVISED,facebook,dir_01,0.7406358705299558,0.009767382019562466,10,-0.0020533834888238345,-0.005492204995955241,0.0013854380183075717,-0.42715274879093357,2,0,8,0.064453125,0.9319848687138407,-0.021401869158878505,0.8667003027245206,-0.03942145980491085,0.6571497921457996,-0.04228702740138242,0.971688483919382,-0.0014068677528036976,0.7178384546415637,-0.011043901928525002,0.5097638508848215,-0.0013829018594635144,1.0223621685260191,-0.00020910608827788834,1.0
REVISED,facebook,dir_02,0.7408842212263453,0.01027696298184806,10,-0.0018050327924343135,-0.004177472512671537,0.0005674069278029097,-0.544267853294157,3,0,7,0.064453125,0.9318335558522476,-0.02155318202047174,0.8852001345442314,-0.020921627985200135,0.6810137227260056,-0.018423096821176342,0.9748633706170742,0.001768018944888261,0.7164092070993242,-0.012473149470764666,0.5003211389965594,-0.010825613747725522,1.021400326126155,-0.0011709484881422204,1.0
REVISED,facebook,dir_03,0.7429403821680406,0.0078102345748638355,10,0.0002511281492608708,-0.002039210700304209,0.0025414669988259504,0.07843654046908743,2,0,8,0.375,0.9554205607476636,0.0020338228749443464,0.908577194752775,0.0024554322233434206,0.7006214389141092,0.0011846193669273197,0.967331917748455,-0.005763433923730921,0.7345942519041812,0.005711895334092343,0.5371040135571871,0.025957260812902012,1.022910407290119,0.0003391326758217628,1.0
REVISED,facebook,dir_04,0.7422403877207744,0.009574661767676929,10,-0.00044886629800540146,-0.001253498349404515,0.000355765753393712,-0.3990639020472133,5,0,5,0.6953125,0.9504761904761903,-0.0029105473965287064,0.9024217961654895,-0.0036999663639421367,0.7015924383951974,0.002155618848015334,0.9625694873752142,-0.010525864296971676,0.7233787657027104,-0.00550359086737835,0.5114950181497955,0.00034826540551035625,1.0228867612439756,0.00031548662967839647,1.0
REVISED,facebook,dir_05,0.7425540478631026,0.008055977957056535,10,-0.00013520615567710336,-0.0022959131398806185,0.002025500828526412,-0.0447634306284264,3,0,7,0.275390625,0.9502625723186473,-0.0031241655540720894,0.9053481331987892,-0.0007736293306424419,0.689480838201093,-0.009955981346088993,0.9604198308361314,-0.012675520836054489,0.7241030339124535,-0.004779322657635343,0.5044181393497048,-0.006728613394580291,1.024167394030092,0.0015961194157944614,1.0
REVISED,facebook,dir_06,0.7427913287982302,0.007430264327080304,10,0.00010207477945051169,-0.0023343884076204606,0.002538537966521484,0.02996962925384565,2,0,8,0.16015625,0.9571918113039608,0.003805073431241657,0.9106626303397242,0.00454086781029264,0.7067711022943334,0.007334282747151338,0.967548945177054,-0.00554640649513174,0.7287137615260388,-0.0001685950440499573,0.5135499452104405,0.0024031924661554903,1.0222865922932853,-0.0002846823210118754,1.0
REVISED,facebook,dir_07,0.7435746253304959,0.008499848650893382,10,0.0008853713117162543,-0.0002931674578759059,0.0020639100813084144,0.5374082707685163,7,0,3,0.10546875,0.9671206052514464,0.013733867378727182,0.9170534813319879,0.010931718802556351,0.7173711799628772,0.01793436041569535,0.9621062902487507,-0.010989061423435097,0.7365035806699739,0.00762122409988506,0.521710586482335,0.010563833738050022,1.023907059045955,0.001335784431657916,1.0
REVISED,facebook,dir_08,0.7434156885614922,0.009345425517403971,10,0.0007264345427125618,-0.0002012045749352091,0.0016540736603603327,0.5601962627402159,7,0,3,0.048828125,0.9614463729417,0.008059635068980853,0.9126807938109653,0.0065590312815338005,0.7055282229585408,0.006091403411358687,0.9676396777454258,-0.005455673926759963,0.7330605185511555,0.0041781619810668195,0.5211510678278556,0.010004315083570465,1.0238474858049216,0.0012762111906243878,1.0
REVISED,facebook,dir_09,0.7442997299407709,0.007244302001253569,10,0.0016104759219911168,-0.0003837085018290956,0.003604660345811329,0.577712401602907,8,0,2,0.048828125,0.9728437917222964,0.01945705384957721,0.9241170534813319,0.017995290951900448,0.719261392286062,0.019824572738879987,0.9582504722115607,-0.014844879460625137,0.7386962140870155,0.00981385751692665,0.524791938626714,0.013645185882428978,1.0248249632821524,0.0022536886678554803,1.0
REVISED,facebook,dir_10,0.7408669949707143,0.010370812508475347,10,-0.0018222590480655443,-0.005213044505496185,0.0015685264093650958,-0.38444354881750586,3,0,7,0.16015625,0.9191455273698266,-0.03424121050289276,0.8779347460477631,-0.028187016481668346,0.6666364570760293,-0.032800362471152644,0.9800141511693452,0.0069187994971594,0.7106472538203641,-0.018235102749724574,0.49846484536839314,-0.012681907375891916,1.019383578206341,-0.0031876964079562975,1.0
REVISED,facebook,dir_11,0.7435743083300907,0.008409606144734303,10,0.0008850543113111287,-0.000254984844734294,0.0020250934673565514,0.5553578668011506,6,0,4,0.083984375,0.9633288829550513,0.009942145082331988,0.9128489741002355,0.006727211570803904,0.7170928267782988,0.017656007231116776,0.9647048533832108,-0.008390498288974946,0.7369326353475598,0.008050278777471087,0.5326380361146088,0.02149128337032375,1.0235954267541172,0.0010241521398199338,1.0
REVISED,facebook,dir_12,0.7441674183371232,0.007752141891926574,10,0.0014781643183433557,-0.0001409061790833546,0.003097234815770066,0.6531000688315192,8,0,2,0.013671875,0.9718424566088115,0.018455718736092565,0.9228388832828791,0.0167171207534477,0.7147430080340657,0.01530618848688381,0.9588910492302611,-0.014204302441924688,0.7417248143098742,0.012842457739785507,0.5299026401445741,0.018755887400289068,1.0248366586896942,0.0022653840753969257,0.41015625
REVISED,facebook,dir_13,0.7434695426549874,0.006916648533100828,10,0.0007802886362076155,-0.0015883823668490116,0.003148959639264243,0.23565318436162608,5,0,5,1.0,0.964419225634179,0.011032487761459708,0.9153044063235788,0.00918264379414733,0.7030327542921444,0.0035959347449625255,0.9627919950179488,-0.01030335665423705,0.7354677693920638,0.006585412821975012,0.5256621286526999,0.01451537590841484,1.024096331003695,0.001525056389397761,1.0
REVISED,facebook,dir_14,0.7435339295122327,0.007175190229724601,10,0.0008446754934530287,-0.0012055437454313383,0.002894894732337396,0.29472186978868375,7,0,3,0.4921875,0.9623230974632844,0.008936359590565202,0.9144971409350824,0.008375378405650852,0.7214331944587622,0.02199637491158014,0.9658936993228414,-0.007201652349344501,0.7315970291007121,0.0027146725306234297,0.5174944706566926,0.006347717912407502,1.0225233059096381,-4.796870465910708e-05,1.0
REVISED,facebook,dir_15,0.7443450723386825,0.007032735945038341,10,0.00165581831990278,-0.0004156789330329925,0.0037273155728385523,0.5718091436161754,10,0,0,0.001953125,0.9726657765910105,0.019279038718291043,0.9247561385805584,0.018634376051126812,0.7252006724453836,0.02576385289820158,0.9612527839545999,-0.011842567717585895,0.7384474598145323,0.009565103244443629,0.5173902263286541,0.006243473584368964,1.0249052485762857,0.002333973961988567,0.06640625
REVISED,facebook,dir_16,0.7438031557495213,0.009053048681004042,10,0.0011139017307415955,0.00018882696039595028,0.0020389765010872408,0.8613760976106115,10,0,0,0.001953125,0.9667912772585672,0.013404539385847802,0.9164480322906157,0.010326269761184,0.7149987045640855,0.015561885016903632,0.9639106754778289,-0.009184676194356844,0.7374910048698691,0.00860864829978033,0.5156201353407153,0.004473382596430148,1.0245445237225788,0.001973249108281372,0.06640625
REVISED,facebook,dir_17,0.7428339370008505,0.009704191638547344,10,0.00014468298207088727,-0.0003474789827105737,0.0006368449468523482,0.21029656456559856,9,0,1,0.083984375,0.9545571873609257,0.0011704494882065041,0.9068617558022201,0.0007399932727884279,0.701375581844421,0.001938762297239005,0.9636174700908393,-0.009477881581346482,0.7336335788141897,0.004751222244100917,0.5185979560188622,0.007451203274577045,1.025770741675257,0.0031994670609597374,1.0
REVISED,facebook,dir_18,0.7381244998274641,0.014428927228993735,10,-0.004564754191315634,-0.012883907728385697,0.003754399345754429,-0.3925193134549258,4,0,6,0.10546875,0.8993680462839343,-0.05401869158878505,0.7840565085771947,-0.1220652539522368,0.6302919464989055,-0.0691448730482765,1.011783851427355,0.03868849975516916,0.7119074620179284,-0.01697489455216038,0.5020320799775884,-0.009114672766696669,1.014414428943131,-0.008156845671166146,1.0
REVISED,facebook,dir_19,0.7409454988873372,0.009432601691883268,10,-0.001743755131442648,-0.005131360689686662,0.0016438504268013656,-0.36822683579392423,2,0,8,0.10546875,0.9287049399198933,-0.02468179795282599,0.8769929364278507,-0.029128826101580886,0.6734237434488344,-0.02601307609834753,0.9782825198623829,0.0051871681901970446,0.7154266165998543,-0.013455739970234493,0.49874260338194903,-0.012404149362335975,1.0194347746824333,-0.0031364999318639784,1.0
REVISED,github,task_only,0.6466181874136724,0.005066240075613799,10,-0.0023304643425659634,-0.005207126880543952,0.0005461981954120254,-0.579530528730685,2,0,8,0.10546875,0.7646445623342175,-0.1283023872679045,0.4740889143293264,-0.29236786872734205,0.48258469681434485,-0.15345688981079691,1.0217116112969913,0.1223544505693595,0.39436478457073887,-0.0030497393347494626,0.2994502133137945,-0.0009553347898327957,0.9902877132102068,-0.11097646275447111,1.0
REVISED,github,loo_task,0.6490193025790008,0.004084568228738574,10,7.06508227624747e-05,-0.0002574475997373524,0.0003987492452623018,0.1540408319912636,5,0,5,0.6953125,0.8943236074270556,0.001376657824933686,0.7734020225147873,0.006945239458118676,0.6379805854809083,0.0019389988557665717,0.8979591715752019,-0.0013979891524300459,0.4059049757051401,0.008490451799651794,0.31082287439123424,0.010417326287606917,1.1021570882037743,0.0008929122390963218,1.0
REVISED,github,loo_comm,0.6487176103529476,0.003947890177990159,10,-0.00023104140329062163,-0.00047267191158068044,1.058910499943718e-05,-0.6840074317717403,3,0,7,0.10546875,0.8916976127320956,-0.001249336870026524,0.7644724289257775,-0.0019843541308910443,0.6351208595611151,-0.0009207270640265941,0.8995497616566628,0.00019260092903088387,0.40590404350287124,0.008489519597382894,0.3075649702165501,0.007159422112922756,1.101010229440689,-0.00025394652398906813,1.0
REVISED,github,loo_conn,0.6493195452353698,0.0037720932155600306,10,0.00037089347913172866,-5.4983557531308866e-05,0.0007967705157947662,0.6229995722752523,7,1,2,0.07421875,0.8893368700265253,-0.0036100795755968475,0.7501431024613623,-0.016313680595306242,0.6388680045891302,0.0028264179639885647,0.8967645768584745,-0.0025925838691574386,0.40705929248591827,0.009644768580429869,0.32001036260175353,0.019604814498126205,1.1037846335313477,0.002520457566669643,1.0
REVISED,github,loo_spec,0.6487587574354166,0.003908808232785505,10,-0.0001898943208217041,-0.0005234426818109422,0.00014365404016753394,-0.4072639224036073,3,0,7,0.431640625,0.8845941644562334,-0.008352785145888613,0.7233924823506964,-0.04306430070597214,0.6342453361513947,-0.0017962504737469576,0.9011268401559756,0.0017696794283436513,0.4007227565577948,0.0033082326523065308,0.3026141632309546,0.0022086151273272327,1.0995721950636406,-0.0016919809010376707,1.0
REVISED,github,loo_repr,0.6487617440076981,0.003983691236583729,10,-0.00018690774854014381,-0.0005598279591446313,0.0001860124620643437,-0.358537147890678,5,0,5,0.275390625,0.8858992042440319,-0.007047745358090202,0.7296126693379127,-0.03684411371875597,0.6343880845334144,-0.0016535020917273103,0.8998835987592402,0.0005264380316083783,0.40921099587815035,0.011796471972662054,0.3225402980322748,0.022134749928647567,1.100660157609663,-0.0006040183550149125,1.0
REVISED,github,loo_group,0.6489528612864246,0.003885805318027592,10,4.209530186438659e-06,-2.2933233604421647e-05,3.1352293977298966e-05,0.11094362066582436,4,3,3,0.46875,0.893445623342175,0.0004986737400530461,0.7666857469948484,0.00022896393817973816,0.6360629988824447,2.1412257302944048e-05,0.8995034532818709,0.00014629255423908026,0.39386100605521873,-0.0035535178502695774,0.29449734408358796,-0.005908204020039351,1.1011142250315085,-0.0001499509331698512,1.0
REVISED,github,grp_deletion_only,0.648054600541323,0.004362698390303362,10,-0.0008940512149151148,-0.0028515592855057796,0.0010634568556755503,-0.32672443118142963,5,0,5,0.556640625,0.8374907161803714,-0.055456233421750656,0.7039496279336005,-0.06250715512306812,0.6003390267121833,-0.035702559912958315,0.9328374279165074,0.033480267188875354,0.40678893975813424,0.009374415852645857,0.3003500618313729,-5.548627225438474e-05,1.0717706037840633,-0.02949357218061468,1.0
REVISED,github,grp_task_plus_proxies,0.6470834503341856,0.00575596217171828,10,-0.0018652014220527091,-0.004942941486191675,0.0012125386420862565,-0.4335274228877934,4,0,6,0.322265625,0.8124350132625994,-0.08051193633952256,0.4815302423201679,-0.2849265407365006,0.5676175288437348,-0.06842405778140681,0.9777942164116464,0.07843705568401432,0.3814164903402791,-0.015998033565209284,0.27215171394080456,-0.02825383416282277,1.0328533031504161,-0.06841087281426193,1.0
REVISED,github,grp_proxies_only,0.648565340956034,0.003212366054164343,10,-0.00038331080020418404,-0.0015518988552062902,0.000785277254797922,-0.23464558523618115,5,0,5,0.845703125,0.8702679045092838,-0.0226790450928382,0.6640717420339629,-0.1023850410227056,0.6152609909126348,-0.02078059571250686,0.9137957175091328,0.014438556781500944,0.4047386330676819,0.007324109162193537,0.3105205697280008,0.010115021624373461,1.0890278341779032,-0.012236341786774818,1.0
REVISED,github,w_balanced,0.6492867033520099,0.0037923272384818556,10,0.00033805159577179336,2.1936716018932257e-05,0.0006541664755246545,0.7649989263548495,7,0,3,0.048828125,0.8951618037135279,0.0022148541114058286,0.7773325701202061,0.010875787063537484,0.6391118664084138,0.0030702797832721173,0.8969194084592992,-0.0024377522683327046,0.3992289649750981,0.0018144410696097236,0.2959820814941725,-0.004423466609454804,1.1031734350885511,0.0019092591238731194,1.0
REVISED,github,w_task_focused,0.6465278565415314,0.004987186401052397,10,-0.0024207952147067722,-0.005493344393187339,0.0006517539637737944,-0.5636142740863761,3,0,7,0.193359375,0.7738037135278514,-0.11914323607427058,0.4904025949246327,-0.2760541881320359,0.5288756179636087,-0.10716596866153294,1.0140170154031256,0.11465985467549378,0.3697793986441055,-0.02763512526138285,0.24812677133701647,-0.05227877676661079,1.0005121766006133,-0.10075199936406495,1.0
REVISED,github,w_structure_focused,0.6489134614301462,0.004093173151670851,10,-3.51903260919606e-05,-0.00030421047215684126,0.00023382981997292003,-0.09357530713627095,4,0,6,0.556640625,0.8961246684350133,0.0031777188328912355,0.7785346307956497,0.012077847738981106,0.6375880274303543,0.0015464408052126067,0.8978441395227155,-0.0015130212049165536,0.3969510028561339,-0.00046352104935445395,0.30511559227259105,0.00471004416896373,1.1024705348571868,0.001206358892508863,1.0
REVISED,github,w_reduced_proxy,0.6487937067629768,0.004021394046396059,10,-0.0001549449932615965,-0.0004093324690158717,9.944248249267869e-05,-0.4357170912182262,5,0,5,0.322265625,0.8962440318302386,0.0032970822281167154,0.7850410227055905,0.018584239648921953,0.6389881511439967,0.002946564518855077,0.8980547699071069,-0.0013023908205249013,0.4159419760506454,0.01852745214515712,0.3311791459811291,0.03077359787750176,1.102164845745899,0.0009006697812210084,1.0
REVISED,github,dir_00,0.649041590517699,0.00408914480958124,10,9.2938761460859e-05,-0.00012984030971064015,0.00031571783263235816,0.2984319150601344,4,0,6,0.76953125,0.8964111405835544,0.003464190981432369,0.7876168670101127,0.021160083953444,0.6376522642022631,0.0016106775771214054,0.8985329702549784,-0.0008241904726535743,0.40463775256820195,0.007223228662713627,0.30637620999838033,0.005970661894753008,1.1015831507196503,0.0003189747549723676,1.0
REVISED,github,dir_01,0.6473051019721949,0.004846225539596244,10,-0.0016435497840432856,-0.0037900939043205946,0.0005029943362340236,-0.547729104305165,4,0,6,0.16015625,0.8309071618037136,-0.0620397877984085,0.5610570501812631,-0.20539973287540544,0.5887573746509911,-0.04728421197415052,0.9571866177713486,0.057829457043716746,0.3931628575690559,-0.004251666336432397,0.2920066568100467,-0.008398891293580554,1.051097490877016,-0.050166685087661936,1.0
REVISED,github,dir_02,0.6479977950702727,0.004584772786244811,10,-0.0009508566859656398,-0.003132755852937808,0.0012310424810065288,-0.31174763124119337,4,0,6,0.625,0.8537771883289125,-0.03916976127320957,0.6930356802136997,-0.0734211028429689,0.5982572794743971,-0.03778430715074451,0.9374317454388915,0.03807458471125944,0.39578137731436086,-0.001633146591127488,0.27973727051485775,-0.020668277588769553,1.0679559709845559,-0.03330820498012225,1.0
REVISED,github,dir_03,0.6487865566191916,0.003996299612221211,10,-0.00016209513704661392,-0.00047867457435441494,0.0001544843002611871,-0.36627734479381596,5,0,5,0.4921875,0.8713368700265252,-0.02161007957559683,0.6499713795077275,-0.11648540354894106,0.6287364381752873,-0.007305148449854309,0.9109800899374705,0.011622929209838683,0.40419481976512717,0.0067802958596389126,0.3155593665881379,0.015153818484510593,1.0909241311969335,-0.010340044767744694,1.0
REVISED,github,dir_04,0.64891022077109,0.004110061612353852,10,-3.843098514830778e-05,-0.00043418724821512423,0.0003573252779185087,-0.06946667228140815,6,0,4,0.921875,0.8946259946949601,0.0016790450928381938,0.7766265979774852,0.010169814920816627,0.6371371804571423,0.0010955938320006352,0.8998258029010738,0.0004686421734418467,0.40404711582501573,0.006632591919527359,0.30863264402868146,0.008227095925054141,1.1008026477942852,-0.0004615281703929996,1.0
REVISED,github,dir_05,0.6490627775239143,0.0036531102558072324,10,0.00011412576767604321,-0.00044600665993880937,0.0006742581952908958,0.14575241859486582,6,0,4,0.845703125,0.8792599469496022,-0.013687002652519898,0.7144056477771418,-0.0520511352795268,0.6432943940015887,0.007252807376447079,0.8978972118243341,-0.0014599489032977476,0.412445849195599,0.015031325290110625,0.31427290696617755,0.01386735886255019,1.1027968580420848,0.0015326820774069106,1.0
REVISED,github,dir_06,0.6480789169614848,0.004190876346474111,10,-0.0008697347947533851,-0.0029544808878625996,0.0012150112983558294,-0.2984396008039869,5,0,5,0.845703125,0.8423342175066312,-0.050612732095490734,0.6322839152833429,-0.1341728677733257,0.5981502181878825,-0.037891368437259224,0.9406136148844336,0.04125645415680155,0.3993187707565868,0.0019042468510984622,0.2948676090967132,-0.005537939006914128,1.0659888726012334,-0.03527530336344477,1.0
REVISED,github,dir_07,0.6490802634831011,0.003783823396544175,10,0.00013161172686289025,-0.00031381441278431106,0.0005770378665100916,0.21136917962423674,5,0,5,0.556640625,0.895129973474801,0.002183023872679035,0.7820454111810722,0.01558862812440374,0.6406939943091313,0.004652407683989596,0.896641804412137,-0.0027153563154949543,0.40707480443150057,0.009660280526012205,0.31283983386717934,0.012434285763552022,1.1033141767877797,0.002050000823101461,1.0
REVISED,github,dir_08,0.6489320331315128,0.003859100549927238,10,-1.661862472541742e-05,-0.00019538306483611733,0.00016214581538528247,-0.06650230861346995,5,0,5,1.0,0.8972281167108754,0.004281167108753326,0.7839534439992368,0.017496660942568205,0.6396352771424858,0.0035936905173440505,0.8971812863351927,-0.002175874392439081,0.4072381607242203,0.009823636818732,0.3093060207844262,0.008900472680798925,1.1030076001838949,0.0017434242192168824,1.0
REVISED,github,dir_09,0.6490230670683582,0.00395526625909405,10,7.441531211994645e-05,-0.0002093419486866242,0.0003581725729265171,0.18760227415843744,7,0,3,0.4921875,0.8988381962864722,0.005891246684350126,0.7913947719900782,0.02493798893340965,0.6395591446720752,0.003517558046933561,0.8954122821742494,-0.0039448785533825245,0.39553801153871,-0.0018765123667783656,0.2959834864567236,-0.0044220616469037,1.1041704553937692,0.002906279429090963,1.0
REVISED,github,dir_10,0.6482925834354891,0.004208391938582537,10,-0.0006560683207491924,-0.002100791448860669,0.0007886548073622843,-0.32485325036749496,4,0,6,0.625,0.8153527851458886,-0.07759416445623345,0.6199771036061821,-0.14647967945048654,0.5967512840440902,-0.03929030258105155,0.9378996075544018,0.03854244682676995,0.40152140382345003,0.004106879917961659,0.2955851855034232,-0.0048203626002040565,1.0680533111460206,-0.03321086481865739,1.0
REVISED,github,dir_11,0.6491905533983502,0.0038198209603760008,10,0.0002419016421118858,-0.0002722131162588823,0.0007560164004826539,0.3365902406751382,7,0,3,0.275390625,0.8846976127320956,-0.008249336870026519,0.7290593398206449,-0.03739744323602367,0.6397768359546553,0.00373524932951354,0.8988833787354997,-0.00047378199213214954,0.4166638811018336,0.01924935719634524,0.3315060824992854,0.03110053439565814,1.1016610975193455,0.00039692155466737323,1.0
REVISED,github,dir_12,0.6490066354751427,0.003938807229422168,10,5.798371890451959e-05,-0.00025513554689856336,0.0003711029847076025,0.1324704618441474,6,0,4,0.375,0.8937771883289125,0.0008302387267904388,0.7551993894294983,-0.01125739362717038,0.6383041484801527,0.002262561855011047,0.8978859711892845,-0.0014711895383473172,0.3994476715388199,0.002033147633331539,0.30326549726920543,0.0028599491655781155,1.102513084839508,0.001248908874829624,1.0
REVISED,github,dir_13,0.6489499892706243,0.0035924814092310386,10,1.3375143859795103e-06,-0.0004187919043628978,0.0004214669331348568,0.0022773938462069517,6,0,4,1.0,0.8897745358090186,-0.0031724137931034625,0.7633848502194238,-0.003071932837244798,0.6382684613846478,0.0022268747595061643,0.8961077062177877,-0.003249454509844307,0.4177970166366964,0.02038249273120807,0.32293722375856465,0.02253167565493735,1.1043243690236078,0.00306019305892965,1.0
REVISED,github,dir_14,0.6486445384194822,0.003836084342234498,10,-0.00030411333675607334,-0.0008233126317786508,0.00021508595826650402,-0.41900976703397597,5,0,5,0.375,0.8589840848806365,-0.03396286472148542,0.6903644342682694,-0.07609234878839918,0.6340704693834206,-0.001971117241721021,0.906748719644861,0.0073915589172290465,0.4010619640065737,0.0036474401010852865,0.2915619990968769,-0.008843549006750408,1.0962715684513222,-0.004992607513355962,1.0
REVISED,github,dir_15,0.6489128150452862,0.003710789106055098,10,-3.58367109521529e-05,-0.0006064248491655076,0.0005347514272612019,-0.044929147577100016,5,0,5,1.0,0.8936737400530503,0.0007267904509283496,0.7726006487311581,0.006143865674489587,0.6359916246914349,-4.9961933706893505e-05,0.8950576312428433,-0.004299529484788634,0.3984147243990934,0.0010002004936050801,0.30363767532729136,0.0032321272236640482,1.1049112766502556,0.0036471006855773756,1.0
REVISED,github,dir_16,0.6490999926509866,0.003700684441267066,10,0.0001513408947483641,-0.000340199869667739,0.0006428816591644671,0.22025183271483312,7,0,3,0.322265625,0.8955968169761274,0.0026498673740052935,0.7781148635756535,0.01165808051898493,0.6423950791948652,0.006353492569723474,0.895210217069027,-0.004146943658604818,0.4012657281289024,0.003851204223414134,0.30519086041215454,0.004785312308527201,1.104606993772713,0.003342817808034815,1.0
REVISED,github,dir_17,0.6491861529351622,0.003763030704578204,10,0.00023750117892403776,-9.131920617200018e-06,0.0004841342784652756,0.6888698590728911,7,0,3,0.064453125,0.8961007957559681,0.003153846153846146,0.7741652356420531,0.007708452585384479,0.639346211668896,0.0033046250437543225,0.8976877290130773,-0.0016694317145546811,0.4049477674924594,0.007533243586971034,0.31866443656118637,0.018258888457559044,1.1023497242818217,0.0010855483171434254,1.0
REVISED,github,dir_18,0.6458070116203178,0.005177896029646611,10,-0.003141640135920454,-0.00665366521158378,0.00037038493974287214,-0.6399139866438373,4,0,6,0.193359375,0.7116021220159151,-0.18134482758620693,0.3532722762831521,-0.41318450677351654,0.5004520359638012,-0.13558955066134057,1.0446144119780412,0.14525725125040917,0.3678013961613066,-0.02961312774418176,0.22451271847630422,-0.07589282962732306,0.9747692464133711,-0.12649492955130692,1.0
REVISED,github,dir_19,0.6466879916411494,0.004257685068769797,10,-0.0022606601150888085,-0.004973757533112916,0.0004524373029352992,-0.5960636778752059,3,0,7,0.048828125,0.7756684350132625,-0.11727851458885943,0.5023087197099789,-0.26414806334668955,0.5586220016367982,-0.07741958498834349,0.9835622951089427,0.08420513438131073,0.3857543502355244,-0.011660173669963941,0.2530594450690932,-0.047346103034534036,1.0288261850873819,-0.07243799087729631,1.0
REVISED,pubmed,task_only,0.681345726439529,0.002899208880713951,10,0.0004272680379041827,-0.0004035588451445182,0.0012580949209528836,0.36788547392842186,6,0,4,0.375,0.6177511791854744,-0.08289800679616573,0.5094870143807684,-0.13514702725906846,0.4568213415891149,-0.04761031723647419,1.196370672546998,0.18542175820022883,0.5048531398024088,-0.0022154673158981454,0.19063138428996593,-0.013210009283072513,0.9830141876630556,-0.0337701676584062,1.0
REVISED,pubmed,loo_task,0.6804339117647971,0.00360086115495459,10,-0.00048454663682760967,-0.0012862126724647773,0.00031711939880955795,-0.43237927954944044,4,0,6,0.375,0.7182634274991125,0.017614241517472262,0.6731809401159047,0.02854689847606783,0.5524529003244948,0.04802124149890556,0.9660516156352703,-0.044897298711499056,0.5023624315045455,-0.004706175613761221,0.1980871318439474,-0.005754261729091053,1.0255195213626191,0.008735166041157216,1.0
REVISED,pubmed,loo_comm,0.6809966773470343,0.0029799756655019367,10,7.821894540953611e-05,-0.0004023927024417112,0.0005588305932607834,0.11642344297730153,3,0,7,0.845703125,0.7034285134655374,0.002779327483897159,0.65262931959648,0.007995277956643065,0.5074851421910409,0.0030534833654517366,1.0047872170946284,-0.006161697252141074,0.5044813901983175,-0.002587216919989427,0.19819432506675927,-0.005647068506279218,1.0175665642286895,0.0007822089072276994,1.0
REVISED,pubmed,loo_conn,0.6812327669471581,0.0024123895507521674,10,0.0003143085455332928,-0.0005170262371693797,0.0011456433282359653,0.27045997994625803,6,0,4,0.431640625,0.6742354313536543,-0.026413754627985987,0.6016956428418114,-0.04293839879802532,0.47988999749084044,-0.024541661334748756,1.0501504380878581,0.03920152374108875,0.5080568084140807,0.000988201295773866,0.20810391624550945,0.004262522672470992,1.0075020238344508,-0.009282331487010876,1.0
REVISED,pubmed,loo_spec,0.6812852178941436,0.0030712514084972995,10,0.0003667594925187867,-0.00010465732717319985,0.0008381763122107732,0.5565434342828833,8,0,2,0.064453125,0.6877719734239489,-0.012877212557691326,0.6260141661300709,-0.018619875509766032,0.4964597281344202,-0.007971930691169022,1.0512561925816395,0.04030727823487009,0.507135973826047,6.73667077401685e-05,0.20371285620821325,-0.0001285373648251792,1.011604154934212,-0.005180200387249789,1.0
REVISED,pubmed,loo_repr,0.6814068109529876,0.0030552920994733447,10,0.0004883525513629583,-0.00014556397967713415,0.0011222690824030507,0.5510920650725593,6,0,4,0.193359375,0.691738094030532,-0.008911091951108169,0.6338699291693497,-0.01076411247048722,0.49970286885176335,-0.004728789973825876,1.0376710684580697,0.026722154111300356,0.5072803841777398,0.00021177705943292713,0.20317459628759207,-0.0006667972854463994,1.014082533508978,-0.0027018218124837067,1.0
REVISED,pubmed,loo_group,0.6808963304721202,0.0029978730871253103,10,-2.2127929504522915e-05,-0.00010327897839727716,5.902311938823134e-05,-0.19506053713739455,2,5,3,0.8125,0.7007607648222346,0.00011157884059442846,0.6453852758102598,0.000751234170422832,0.5033948653019161,-0.001036793523673063,1.0100934568848465,-0.0008554574619229482,0.5049033966516876,-0.002165210466619222,0.197572499637742,-0.006268893935296442,1.0169258695916028,0.00014151427014083006,1.0
REVISED,pubmed,grp_deletion_only,0.680957689750683,0.0031191078735351195,10,3.9231349058266304e-05,-0.0005638161459977673,0.0006422788441142999,0.04653765534249053,5,0,5,1.0,0.6968960795252827,-0.00375310645635743,0.6444623309723116,-0.00017171066752521001,0.5027942836875934,-0.0016373751379958584,1.024113337161301,0.013164422814531585,0.5040359139853703,-0.0030326931329365593,0.20228402931790415,-0.001557364255134333,1.0150154728602216,-0.00176888246124004,1.0
REVISED,pubmed,grp_task_plus_proxies,0.6813495651466712,0.0027351438732305926,10,0.0004311067450465611,-0.0006898131091730594,0.0015520265992661816,0.2751268845192464,5,0,5,0.625,0.6333975756960999,-0.06725161028554039,0.5439364670530157,-0.1006975745868212,0.4831584258551024,-0.02127323297048675,1.1481036602962926,0.13715474594952343,0.50533726029548,-0.0017313468228268402,0.1930002608891413,-0.010841132683897189,0.9924932558919085,-0.02429109942955334,1.0
REVISED,pubmed,grp_proxies_only,0.6809231080358102,0.003045422255473877,10,4.649634185593943e-06,-0.0006054578652931724,0.0006147571336643602,0.005451740763432228,6,0,4,1.0,0.663300704975402,-0.03734848100623827,0.5872504829362524,-0.057383558703584456,0.5293336691289315,0.024902010303342426,1.068260185128267,0.05731127078149747,0.5058027837632811,-0.0012658233550257858,0.20143429033596374,-0.002407103237074726,1.0033538739204375,-0.013430481401024253,1.0
REVISED,pubmed,w_balanced,0.6808706846313202,0.0031892755580743715,10,-4.7773770304615495e-05,-0.0005991315799057464,0.0005035840392965153,-0.06198388037204157,5,0,5,0.76953125,0.7049855454683776,0.004336359486737362,0.6470272590684697,0.002393217428632749,0.505892020435153,0.0014603616095638788,0.9985491606385614,-0.012399753708208039,0.5069415139057689,-0.00012709321253792094,0.20661192275745913,0.0027705291844206796,1.0184528491947415,0.0016684938732796973,1.0
REVISED,pubmed,w_task_focused,0.681295084367346,0.002880940125779693,10,0.0003766259657212778,-0.00032698688895948917,0.0010802388204020448,0.38291225602392115,5,0,5,0.556640625,0.6770147588375514,-0.02363442714408886,0.6104528868855977,-0.03418115475423909,0.4779744582367371,-0.026457200588852026,1.0522720927067648,0.04132317835999527,0.5092088795355109,0.002140272417203981,0.20303114146938106,-0.0008102521036574259,1.0091579603068614,-0.00762639501460034,1.0
REVISED,pubmed,w_structure_focused,0.680553378038174,0.0034592594491508945,10,-0.0003650803634508093,-0.0009459095496710517,0.00021574882276943308,-0.44963780304290746,5,0,5,0.322265625,0.7116752041385606,0.011026018156920425,0.6625026829791801,0.017868641339343218,0.5349538486566471,0.030522189831057932,0.9848839939943479,-0.02606492035242136,0.5024887134732183,-0.004579893645088501,0.20831149833491952,0.004470104761881036,1.022521441279278,0.00573708595781629,1.0
REVISED,pubmed,w_reduced_proxy,0.680941803547032,0.0030226447071998986,10,2.3345145407305257e-05,-0.00022560415825159945,0.00027229444906620996,0.06708237678503119,5,0,5,1.0,0.7022467921083329,0.0015976061266926966,0.6503112255848895,0.005677183945052605,0.5065937526371511,0.0021620938115621017,1.0068408643033047,-0.004108050043464695,0.5054077675276946,-0.0016608395906122897,0.2025032772094129,-0.0013381163636256022,1.0173697037718576,0.0005853484503955952,1.0
REVISED,pubmed,dir_00,0.6803754509822577,0.003652764915352571,10,-0.0005430074193669588,-0.001436563768313351,0.0003505489295794333,-0.4347169687788373,4,0,6,0.431640625,0.7277679160115638,0.027118730029923422,0.6918115475423912,0.0471775059025542,0.5551523566330825,0.050720697807493345,0.947047311355632,-0.06390160299113742,0.5048066872215432,-0.0022619198967636645,0.20247289362037124,-0.001368499952667221,1.030148317451646,0.013363962130184103,1.0
REVISED,pubmed,dir_01,0.6815587028110315,0.0033197904747515054,10,0.0006402444094068316,-0.0006724443447091705,0.0019529331635228337,0.34890468769044497,6,0,4,0.322265625,0.5898006796165746,-0.11084850636506567,0.49284181154754236,-0.15179223009229448,0.46177772038521053,-0.0426539384403786,1.2141005324617515,0.2031516181149823,0.49993749742981014,-0.007131109688496634,0.18418978071117137,-0.019651612861867094,0.9705131025424422,-0.04627125277901987,1.0
REVISED,pubmed,dir_02,0.6806342345318959,0.003405387851671883,10,-0.00028422386972881686,-0.0011306821445675693,0.0005622344051099356,-0.2402026350276645,3,0,7,0.322265625,0.6964700512248314,-0.0041791347568088276,0.6442584245546255,-0.00037561708521142154,0.5405550624491735,0.03612340362358433,1.0127635616843773,0.0018146473376076445,0.5074723708617055,0.00040376374339871066,0.2069794235462985,0.003138029973260026,1.016266178577083,-0.0005181767443789397,1.0
REVISED,pubmed,dir_03,0.6811237981683146,0.0027209216062316086,10,0.00020533976668980493,-0.000456112639457301,0.0008667921728369109,0.22207375589003156,7,0,3,0.4921875,0.6781609778363847,-0.022488208145255366,0.6081133290405667,-0.03652071259927022,0.4896952825836264,-0.01473637624196274,1.0569759159645844,0.04602700161781503,0.50775917883166,0.000690571713353233,0.20444249079631077,0.0006010972232723067,1.007716398328617,-0.009067956992844795,1.0
REVISED,pubmed,dir_04,0.680712826534865,0.0033281168525681614,10,-0.00020563186675970346,-0.0008366980710873405,0.0004254343375679336,-0.2330978508579054,6,0,4,0.921875,0.7174012273672464,0.01675204138560632,0.6698647778493239,0.025230736209487015,0.5356176493882671,0.0311859905626779,0.9738396616331775,-0.03710925271359179,0.5029736468738415,-0.00409496024446534,0.19872206240107512,-0.00511933117196334,1.0243717947386535,0.007587439417191877,1.0
REVISED,pubmed,dir_05,0.6805555031298562,0.003144242965305698,10,-0.0003629552717684392,-0.0013210576387861425,0.0005951470952492641,-0.27099667964772933,4,0,6,0.431640625,0.7189379723081605,0.018288786326520284,0.667632539171496,0.022998497531659175,0.5284486014867718,0.02401694266118249,0.9515119109993384,-0.05943700334743107,0.5052674803912194,-0.0018011267270873987,0.20404647087584551,0.0002050773028070371,1.0250988376957253,0.008314482374263365,1.0
REVISED,pubmed,dir_06,0.6811278223437606,0.0030655178679391314,10,0.00020936394213593167,-0.0007092099738359686,0.001127937858107832,0.16304615150476734,7,0,3,0.375,0.6437186184510828,-0.056930567530557384,0.5621270658939687,-0.08250697574586821,0.5144013136233477,0.009969654797758595,1.1287891726279073,0.11784025828113809,0.5032411140867108,-0.003827493031596063,0.18867091674892164,-0.015170476824116827,0.9938005761705504,-0.02298377915091142,1.0
REVISED,pubmed,dir_07,0.6804621389014823,0.003425329648416462,10,-0.0004563195001424214,-0.0012034239842639662,0.0002907849839791235,-0.43692858589632283,5,0,5,0.431640625,0.7292387280012171,0.02858954201957702,0.6934749946340416,0.048840952994204774,0.5505752925407698,0.046143633715180585,0.9436923316577153,-0.067256582689054,0.5025894286342873,-0.004479178484019586,0.20125182933643243,-0.0025895642366060095,1.0301830644996115,0.013398709178149537,1.0
REVISED,pubmed,dir_08,0.6810337754884184,0.00287643183017905,10,0.00011531708679353158,-0.0002767749838311674,0.0005074091574182306,0.21039159064037738,5,0,5,0.6953125,0.7058071714763908,0.005157985494750705,0.6497746297488731,0.005140588109036287,0.4995384991467907,-0.004893159678798423,0.9954035663131602,-0.015545348033608996,0.5032221078550866,-0.0038464992632202878,0.20780584669114255,0.00396445311810407,1.0186972508584884,0.0019128955370265265,1.0
REVISED,pubmed,dir_09,0.680307777984394,0.003490365463356244,10,-0.0006106804172306357,-0.0014928141719305473,0.000271453337469276,-0.4952247337665785,4,0,6,0.275390625,0.7389055130090785,0.03825632702743827,0.712996351148315,0.0683623095084782,0.5571374369162126,0.05270577809062347,0.9126432996510809,-0.09830561469568841,0.5056376130910045,-0.0014309940273022237,0.20572675251449826,0.0018853589414597736,1.0365570762010052,0.01977272087954345,1.0
REVISED,pubmed,dir_10,0.6811740095556307,0.0031474247911701314,10,0.00025555115400595075,-0.0003691363940837707,0.0008802387020956722,0.2926427514210518,5,0,5,0.431640625,0.6767155246741391,-0.023933661307501124,0.6099055591328612,-0.03472848250697573,0.4962511050473396,-0.008180553778249569,1.0759146436275342,0.064965729280765,0.5061670272125123,-0.0009015799057946084,0.2020681095559303,-0.001773284017108176,1.0076547327960446,-0.009129622525417302,1.0
REVISED,pubmed,dir_11,0.680646058344202,0.0032475441034286183,10,-0.0002724000574227503,-0.0009133822841116831,0.0003685821692661824,-0.3040072784475996,6,0,4,0.76953125,0.7232996906223057,0.022650504640665425,0.6756063532946984,0.030972311654861577,0.5388481462821507,0.03441648745656162,0.9567910778310542,-0.054157836515715166,0.502666565895212,-0.004402041223094844,0.1983540714716185,-0.005487322101419974,1.0260566923764016,0.009272337054939694,1.0
REVISED,pubmed,dir_12,0.6801387605901,0.003486639533669908,10,-0.00077969781152466,-0.001592224000971822,3.282837792250204e-05,-0.6864544445486226,2,0,8,0.10546875,0.7389613024293756,0.038312116447735446,0.7090684696286758,0.0644344279888388,0.5459413312428897,0.04150967241730045,0.9138925870976655,-0.09705632724910393,0.5015210042948401,-0.005547602823466574,0.1980918656433919,-0.005749527929646563,1.035207864234909,0.018423508913447174,1.0
REVISED,pubmed,dir_13,0.6809608986841597,0.002752472465095543,10,4.244028253503895e-05,-0.0006196554413841853,0.0007045360064542631,0.04585432001255511,5,0,5,0.76953125,0.665765582999442,-0.0348836029821981,0.5861343635973386,-0.05849967804249841,0.5251295978286719,0.020697939003082803,1.070412468988277,0.05946355464150761,0.5066029308861526,-0.00046567623215427735,0.2049741145899085,0.001132721016870042,1.003115341669994,-0.013669013651467842,1.0
REVISED,pubmed,dir_14,0.6808901866612352,0.00312259484683345,10,-2.827174038948499e-05,-0.0008295226941003808,0.0007729792133214107,-0.02524101174327569,6,0,4,1.0,0.657807982958868,-0.04284120302277221,0.5781498175574158,-0.06648422408242112,0.5147806283271306,0.010348969501541409,1.092584829507595,0.0816359151608256,0.5010538074955001,-0.006014799622806766,0.18868966896857114,-0.015151724604467339,0.9996153337983149,-0.017169021523146998,1.0
REVISED,pubmed,dir_15,0.680656014953153,0.0033967829607816614,10,-0.0002624434484717941,-0.001028351795650422,0.0005034648987068337,-0.24512167021977552,6,0,4,1.0,0.715230511741137,0.014581325759496878,0.6700579523502898,0.025423910710452895,0.5152547717068591,0.010823112881269914,0.9635648235808301,-0.047384090765939454,0.5071727387777465,0.00010413165943967684,0.21380241525119126,0.009961021678152793,1.0246248351079035,0.007840479786441456,1.0
REVISED,pubmed,dir_16,0.6805120533064539,0.0032673563739202193,10,-0.00040640509517091415,-0.0009726872949716897,0.00015987710462986147,-0.5133918946448293,4,0,6,0.275390625,0.7245574884617335,0.023908302480093326,0.6766795449667311,0.03204550332689417,0.5159817915557762,0.011550132730187018,0.9517059533525984,-0.05924296099417098,0.50298572501085,-0.004082882107456887,0.20045562535190625,-0.0033857682211322015,1.0262731009874275,0.00948874566596566,1.0
REVISED,pubmed,dir_17,0.681519843913687,0.002887591637312032,10,0.0006013855120622247,-0.00010225383473529755,0.0013050248588597469,0.6114002594838425,7,0,3,0.10546875,0.6961708170614191,-0.004478368920221121,0.642863275380983,-0.001770766258853812,0.48148944115845804,-0.022942217667131178,1.0228135445060489,0.01186463015927971,0.5053095810571144,-0.0017590260611924757,0.20229292521864845,-0.001548468354389995,1.0159655846162443,-0.0008187707052175863,1.0
REVISED,pubmed,dir_18,0.6812101887145312,0.002800091950371784,10,0.00029173031290647967,-0.0006262151303679526,0.0012096757561809118,0.22734607546975805,4,0,6,1.0,0.6329867626920931,-0.06766242328954708,0.5330113758317234,-0.11162266580811334,0.46851055637735567,-0.03592110244823347,1.1610351484585164,0.15008623411174712,0.507038169789184,-3.0437329122778856e-05,0.19260534680200045,-0.011236046771037992,0.9900278709483971,-0.026756484373064725,1.0
REVISED,pubmed,dir_19,0.6810819263581697,0.003192924655579181,10,0.00016346795654497147,-0.0007544485638601363,0.0010813844769500792,0.12739495261577655,4,0,6,1.0,0.6435056043008571,-0.05714358168078306,0.565690062245117,-0.0789439793947199,0.5188203299224178,0.0143886710968285,1.1292091589668112,0.1182602446200421,0.5036663212851274,-0.0034022858331794912,0.19340109515324205,-0.010440298419796398,0.9933087750931436,-0.023475580228318083,1.0
