dataset,method,mean,std,count,protocol
facebook,cilp_full,0.7426892540187797,0.009723952906274435,10,REVISED
facebook,dir_00,0.7432496947951824,0.008680452536785765,10,REVISED
facebook,dir_01,0.7406358705299558,0.009767382019562459,10,REVISED
facebook,dir_02,0.7408842212263453,0.010276962981848076,10,REVISED
facebook,dir_03,0.7429403821680406,0.007810234574863836,10,REVISED
facebook,dir_04,0.7422403877207743,0.009574661767676945,10,REVISED
facebook,dir_05,0.7425540478631026,0.008055977957056525,10,REVISED
facebook,dir_06,0.7427913287982302,0.0074302643270803105,10,REVISED
facebook,dir_07,0.7435746253304959,0.008499848650893382,10,REVISED
facebook,dir_08,0.7434156885614922,0.00934542551740397,10,REVISED
facebook,dir_09,0.7442997299407709,0.007244302001253573,10,REVISED
facebook,dir_10,0.7408669949707142,0.010370812508475352,10,REVISED
facebook,dir_11,0.7435743083300907,0.008409606144734285,10,REVISED
facebook,dir_12,0.7441674183371231,0.007752141891926586,10,REVISED
facebook,dir_13,0.7434695426549873,0.006916648533100824,10,REVISED
facebook,dir_14,0.7435339295122327,0.0071751902297245975,10,REVISED
facebook,dir_15,0.7443450723386824,0.007032735945038349,10,REVISED
facebook,dir_16,0.7438031557495213,0.009053048681004067,10,REVISED
facebook,dir_17,0.7428339370008505,0.009704191638547337,10,REVISED
facebook,dir_18,0.7381244998274641,0.014428927228993724,10,REVISED
facebook,dir_19,0.7409454988873371,0.009432601691883251,10,REVISED
facebook,gassip_adapted,0.7206049238958359,0.003964231633594375,10,REVISED
facebook,grp_deletion_only,0.7414955151828592,0.010779018031816707,10,REVISED
facebook,grp_proxies_only,0.7438942845290909,0.006525339212654891,10,REVISED
facebook,grp_task_plus_proxies,0.7382908430020882,0.014962456494273893,10,REVISED
facebook,loo_comm,0.7424823668737053,0.010275483616273662,10,REVISED
facebook,loo_conn,0.7431876953068333,0.009103390208214133,10,REVISED
facebook,loo_group,0.7426839862493995,0.009719778519292361,10,REVISED
facebook,loo_repr,0.7424297064542952,0.01027079747728584,10,REVISED
facebook,loo_spec,0.7414469385807445,0.010397286512756605,10,REVISED
facebook,loo_task,0.7430435391869772,0.008932398483868434,10,REVISED
facebook,mog_adapted,0.7198662378586074,0.006495860081183271,10,REVISED
facebook,neuralsparse,0.721230779901663,0.0032965970132122747,10,REVISED
facebook,nk_local_degree,0.7350153578613345,0.003103485937518361,10,REVISED
facebook,nk_local_similarity,0.7484211875767668,0.0020569106250807106,10,REVISED
facebook,original_ilp,0.7418988618785848,0.002953589889039498,10,REVISED
facebook,psgnn_reimpl,0.7171770676876452,0.004449759923832817,10,REVISED
facebook,ptdnet,0.7366550995269273,0.004287084250331203,10,REVISED
facebook,random,0.7321438280027229,0.003927249071780647,10,REVISED
facebook,resistance_proxy,0.7110261420377357,0.004516446142532566,10,REVISED
facebook,task_only,0.7389382176962415,0.009292507924604895,10,REVISED
facebook,w_balanced,0.7436689284508052,0.00846996805265891,10,REVISED
facebook,w_reduced_proxy,0.7420155771011078,0.010508324602481066,10,REVISED
facebook,w_structure_focused,0.7436093066880465,0.007583961202461589,10,REVISED
facebook,w_task_focused,0.737318367387505,0.014012395687000882,10,REVISED
github,cilp_full,0.6489486517562383,0.0038884801434968595,10,REVISED
github,dir_00,0.649041590517699,0.004089144809581238,10,REVISED
github,dir_01,0.6473051019721949,0.004846225539596241,10,REVISED
github,dir_02,0.6479977950702727,0.004584772786244804,10,REVISED
github,dir_03,0.6487865566191916,0.00399629961222121,10,REVISED
github,dir_04,0.64891022077109,0.004110061612353874,10,REVISED
github,dir_05,0.6490627775239143,0.0036531102558072376,10,REVISED
github,dir_06,0.6480789169614848,0.004190876346474113,10,REVISED
github,dir_07,0.6490802634831011,0.0037838233965441725,10,REVISED
github,dir_08,0.6489320331315128,0.0038591005499272356,10,REVISED
github,dir_09,0.6490230670683582,0.003955266259094033,10,REVISED
github,dir_10,0.6482925834354891,0.004208391938582521,10,REVISED
github,dir_11,0.6491905533983501,0.0038198209603759904,10,REVISED
github,dir_12,0.6490066354751428,0.003938807229422191,10,REVISED
github,dir_13,0.6489499892706242,0.0035924814092310447,10,REVISED
github,dir_14,0.6486445384194821,0.003836084342234505,10,REVISED
github,dir_15,0.6489128150452861,0.0037107891060550974,10,REVISED
github,dir_16,0.6490999926509866,0.0037006844412670746,10,REVISED
github,dir_17,0.6491861529351624,0.0037630307045781945,10,REVISED
github,dir_18,0.6458070116203178,0.005177896029646607,10,REVISED
github,dir_19,0.6466879916411494,0.0042576850687698,10,REVISED
github,gassip_adapted,0.6403194346024619,0.004466159838474003,10,REVISED
github,grp_deletion_only,0.6480546005413231,0.004362698390303344,10,REVISED
github,grp_proxies_only,0.648565340956034,0.0032123660541643357,10,REVISED
github,grp_task_plus_proxies,0.6470834503341856,0.005755962171718287,10,REVISED
github,loo_comm,0.6487176103529476,0.0039478901779901685,10,REVISED
github,loo_conn,0.6493195452353699,0.0037720932155600457,10,REVISED
github,loo_group,0.6489528612864246,0.0038858053180275925,10,REVISED
github,loo_repr,0.6487617440076981,0.003983691236583739,10,REVISED
github,loo_spec,0.6487587574354166,0.003908808232785495,10,REVISED
github,loo_task,0.6490193025790008,0.004084568228738576,10,REVISED
github,mog_adapted,0.646180402128304,0.004273667489640418,10,REVISED
github,neuralsparse,0.639479687469457,0.0044046271473588295,10,REVISED
github,nk_local_degree,0.6445640048033563,0.00442172764091376,10,REVISED
github,nk_local_similarity,0.6473773819009241,0.003989593231936452,10,REVISED
github,original_ilp,0.6501546359568626,0.00331963290868952,10,REVISED
github,psgnn_reimpl,0.6426455080364818,0.0033479277835382257,10,REVISED
github,ptdnet,0.6500799854056135,0.003498292211082667,10,REVISED
github,random,0.6467091903804465,0.003842687573620453,10,REVISED
github,resistance_proxy,0.6456837940454399,0.0034512998335950273,10,REVISED
github,task_only,0.6466181874136723,0.005066240075613818,10,REVISED
github,w_balanced,0.64928670335201,0.0037923272384818647,10,REVISED
github,w_reduced_proxy,0.6487937067629767,0.004021394046396077,10,REVISED
github,w_structure_focused,0.6489134614301463,0.004093173151670844,10,REVISED
github,w_task_focused,0.6465278565415314,0.0049871864010523825,10,REVISED
lastfm,cilp_full,0.6000130202660291,0.025901656707487057,10,REVISED
lastfm,dir_00,0.5996893398829631,0.028139292535565,10,REVISED
lastfm,dir_01,0.5650735262341857,0.04088617970938016,10,REVISED
lastfm,dir_02,0.5974131697262947,0.026871576393122345,10,REVISED
lastfm,dir_03,0.596294091293609,0.029330829682025696,10,REVISED
lastfm,dir_04,0.6008806527585369,0.026165255134453124,10,REVISED
lastfm,dir_05,0.6004550688779778,0.026496517668901806,10,REVISED
lastfm,dir_06,0.5874437904035805,0.03176117886368691,10,REVISED
lastfm,dir_07,0.6021972244580084,0.026686846732746815,10,REVISED
lastfm,dir_08,0.6015137629177858,0.025311271158148227,10,REVISED
lastfm,dir_09,0.6016555051894252,0.025925381872618555,10,REVISED
lastfm,dir_10,0.5937357355509979,0.02668490201019221,10,REVISED
lastfm,dir_11,0.6022963510587559,0.024749082854762804,10,REVISED
lastfm,dir_12,0.6010487957730695,0.024828854126242274,10,REVISED
lastfm,dir_13,0.590989042457292,0.03423953532415511,10,REVISED
lastfm,dir_14,0.5930182885195453,0.03052301635563317,10,REVISED
lastfm,dir_15,0.6029685235431608,0.025753268285492847,10,REVISED
lastfm,dir_16,0.6032299548928632,0.023506360622595368,10,REVISED
lastfm,dir_17,0.6004751219005235,0.023600642156244682,10,REVISED
lastfm,dir_18,0.5710862475822407,0.04495493099797293,10,REVISED
lastfm,dir_19,0.5821199402381793,0.03684222950665565,10,REVISED
lastfm,gassip_adapted,0.5982217070265847,0.01459247170933949,10,REVISED
lastfm,grp_deletion_only,0.5959831985516871,0.026087619770131028,10,REVISED
lastfm,grp_proxies_only,0.5923090237143661,0.028988612622475138,10,REVISED
lastfm,grp_task_plus_proxies,0.5881991555697684,0.023750608507814967,10,REVISED
lastfm,loo_comm,0.5985496133927638,0.025596895519044958,10,REVISED
lastfm,loo_conn,0.6004610915039528,0.028184834359306018,10,REVISED
lastfm,loo_group,0.5998510598574075,0.025909288892033235,10,REVISED
lastfm,loo_repr,0.5966926538845005,0.026218630411371905,10,REVISED
lastfm,loo_spec,0.5942633559813615,0.027069220322852774,10,REVISED
lastfm,loo_task,0.6011594722869751,0.02597326203089484,10,REVISED
lastfm,mog_adapted,0.5113819823206173,0.019412842107744747,10,REVISED
lastfm,neuralsparse,0.4872325976256713,0.011096145833978424,10,REVISED
lastfm,nk_local_degree,0.598807031846265,0.01540962922280258,10,REVISED
lastfm,nk_local_similarity,0.6192350998661171,0.014987899014760008,10,REVISED
lastfm,original_ilp,0.5937843468452918,0.014661819544722668,10,REVISED
lastfm,psgnn_reimpl,0.4573621963817992,0.011407689989557716,10,REVISED
lastfm,ptdnet,0.6157249674567262,0.014263436024356858,10,REVISED
lastfm,random,0.576122869705482,0.014772962210342718,10,REVISED
lastfm,resistance_proxy,0.45849967141378317,0.0101137388305503,10,REVISED
lastfm,task_only,0.5534467412578609,0.05689221869413103,10,REVISED
lastfm,w_balanced,0.6036491217108185,0.024307521612602977,10,REVISED
lastfm,w_reduced_proxy,0.5960925291819074,0.025691596010615443,10,REVISED
lastfm,w_structure_focused,0.6018711347034515,0.028554776464965233,10,REVISED
lastfm,w_task_focused,0.5975881960397946,0.02412076435163464,10,REVISED
pubmed,cilp_full,0.6809184584016247,0.0029082812207572753,10,REVISED
pubmed,dir_00,0.6803754509822577,0.00365276491535261,10,REVISED
pubmed,dir_01,0.6815587028110316,0.0033197904747515167,10,REVISED
pubmed,dir_02,0.6806342345318959,0.0034053878516718955,10,REVISED
pubmed,dir_03,0.6811237981683146,0.002720921606231603,10,REVISED
pubmed,dir_04,0.680712826534865,0.0033281168525681588,10,REVISED
pubmed,dir_05,0.6805555031298562,0.003144242965305709,10,REVISED
pubmed,dir_06,0.6811278223437607,0.0030655178679391292,10,REVISED
pubmed,dir_07,0.6804621389014823,0.003425329648416457,10,REVISED
pubmed,dir_08,0.6810337754884183,0.002876431830179035,10,REVISED
pubmed,dir_09,0.680307777984394,0.0034903654633562436,10,REVISED
pubmed,dir_10,0.6811740095556307,0.003147424791170142,10,REVISED
pubmed,dir_11,0.680646058344202,0.003247544103428621,10,REVISED
pubmed,dir_12,0.6801387605901,0.003486639533669897,10,REVISED
pubmed,dir_13,0.6809608986841598,0.002752472465095526,10,REVISED
pubmed,dir_14,0.6808901866612352,0.0031225948468334573,10,REVISED
pubmed,dir_15,0.680656014953153,0.0033967829607816683,10,REVISED
pubmed,dir_16,0.6805120533064538,0.003267356373920224,10,REVISED
pubmed,dir_17,0.6815198439136869,0.002887591637312037,10,REVISED
pubmed,dir_18,0.6812101887145312,0.002800091950371765,10,REVISED
pubmed,dir_19,0.6810819263581698,0.0031929246555791758,10,REVISED
pubmed,gassip_adapted,0.6814035871723334,0.003644968329171747,10,REVISED
pubmed,grp_deletion_only,0.6809576897506829,0.0031191078735351243,10,REVISED
pubmed,grp_proxies_only,0.6809231080358102,0.0030454222554738854,10,REVISED
pubmed,grp_task_plus_proxies,0.6813495651466713,0.0027351438732305684,10,REVISED
pubmed,loo_comm,0.6809966773470342,0.0029799756655019168,10,REVISED
pubmed,loo_conn,0.6812327669471581,0.0024123895507521765,10,REVISED
pubmed,loo_group,0.6808963304721202,0.0029978730871253107,10,REVISED
pubmed,loo_repr,0.6814068109529876,0.0030552920994733395,10,REVISED
pubmed,loo_spec,0.6812852178941435,0.003071251408497308,10,REVISED
pubmed,loo_task,0.6804339117647971,0.0036008611549545834,10,REVISED
pubmed,mog_adapted,0.6822338232405154,0.004144500079387068,10,REVISED
pubmed,neuralsparse,0.682751493794173,0.003066025226954363,10,REVISED
pubmed,nk_local_degree,0.678128794995052,0.002900300971769763,10,REVISED
pubmed,nk_local_similarity,0.6792113416008273,0.0028169603622802708,10,REVISED
pubmed,original_ilp,0.6806210563573032,0.001873609872777513,10,REVISED
pubmed,psgnn_reimpl,0.6868644219711201,0.002881101426369945,10,REVISED
pubmed,ptdnet,0.6785485508568725,0.002230555422133262,10,REVISED
pubmed,random,0.6806258744852698,0.002524131148565807,10,REVISED
pubmed,resistance_proxy,0.6836230497494593,0.0032211885061158517,10,REVISED
pubmed,task_only,0.681345726439529,0.002899208880713947,10,REVISED
pubmed,w_balanced,0.6808706846313201,0.003189275558074364,10,REVISED
pubmed,w_reduced_proxy,0.680941803547032,0.0030226447071998877,10,REVISED
pubmed,w_structure_focused,0.680553378038174,0.0034592594491508768,10,REVISED
pubmed,w_task_focused,0.681295084367346,0.0028809401257796807,10,REVISED
