dataset,method,seed,auc,protocol
facebook,cilp_full,0,0.7465575320371414,REVISED
facebook,cilp_full,1,0.7431339599162798,REVISED
facebook,cilp_full,2,0.7436663248677147,REVISED
facebook,cilp_full,3,0.7445022731362538,REVISED
facebook,cilp_full,4,0.7390217461785835,REVISED
facebook,cilp_full,5,0.7503777352051704,REVISED
facebook,cilp_full,6,0.7455921788669262,REVISED
facebook,cilp_full,7,0.7503884741787519,REVISED
facebook,cilp_full,8,0.7167378799640131,REVISED
facebook,cilp_full,9,0.7469144358369624,REVISED
facebook,dir_00,0,0.7470175571692146,REVISED
facebook,dir_00,1,0.7428453158924886,REVISED
facebook,dir_00,2,0.7440753702354903,REVISED
facebook,dir_00,3,0.7443627738150129,REVISED
facebook,dir_00,4,0.7416052447481871,REVISED
facebook,dir_00,5,0.7499031108955005,REVISED
facebook,dir_00,6,0.7449855037835835,REVISED
facebook,dir_00,7,0.7505281499086132,REVISED
facebook,dir_00,8,0.7199456017587234,REVISED
facebook,dir_00,9,0.7472283197450105,REVISED
facebook,dir_01,0,0.7461646152087822,REVISED
facebook,dir_01,1,0.7431918805641973,REVISED
facebook,dir_01,2,0.7434968585233905,REVISED
facebook,dir_01,3,0.7383186295440519,REVISED
facebook,dir_01,4,0.725875744249348,REVISED
facebook,dir_01,5,0.7500113006521395,REVISED
facebook,dir_01,6,0.7413019630204876,REVISED
facebook,dir_01,7,0.7499795980099819,REVISED
facebook,dir_01,8,0.7212297294276169,REVISED
facebook,dir_01,9,0.746788386099563,REVISED
facebook,dir_02,0,0.7460499573140471,REVISED
facebook,dir_02,1,0.7426787204958013,REVISED
facebook,dir_02,2,0.7437607453870752,REVISED
facebook,dir_02,3,0.7421291876837988,REVISED
facebook,dir_02,4,0.7286053817777195,REVISED
facebook,dir_02,5,0.7495646175002613,REVISED
facebook,dir_02,6,0.7415950697812739,REVISED
facebook,dir_02,7,0.7504881693766626,REVISED
facebook,dir_02,8,0.7172615915066047,REVISED
facebook,dir_02,9,0.7467087714402096,REVISED
facebook,dir_03,0,0.7462544310043985,REVISED
facebook,dir_03,1,0.7431096751399735,REVISED
facebook,dir_03,2,0.7431138568605058,REVISED
facebook,dir_03,3,0.7444866669707436,REVISED
facebook,dir_03,4,0.7340901812470149,REVISED
facebook,dir_03,5,0.7502131104164922,REVISED
facebook,dir_03,6,0.7453206300163646,REVISED
facebook,dir_03,7,0.7503413077028793,REVISED
facebook,dir_03,8,0.724966752107499,REVISED
facebook,dir_03,9,0.7475072102145345,REVISED
facebook,dir_04,0,0.7465145031650257,REVISED
facebook,dir_04,1,0.7429649490805537,REVISED
facebook,dir_04,2,0.743759096675904,REVISED
facebook,dir_04,3,0.7445866757539761,REVISED
facebook,dir_04,4,0.7365361284483036,REVISED
facebook,dir_04,5,0.7490326548892171,REVISED
facebook,dir_04,6,0.7434529543771966,REVISED
facebook,dir_04,7,0.7508097464013598,REVISED
facebook,dir_04,8,0.7173706275174117,REVISED
facebook,dir_04,9,0.7473765408987949,REVISED
facebook,dir_05,0,0.7464283746817251,REVISED
facebook,dir_05,1,0.7432762601258827,REVISED
facebook,dir_05,2,0.7434665543562043,REVISED
facebook,dir_05,3,0.7443071742473992,REVISED
facebook,dir_05,4,0.7340428663661474,REVISED
facebook,dir_05,5,0.7503876076382128,REVISED
facebook,dir_05,6,0.7427636297904878,REVISED
facebook,dir_05,7,0.750251594763345,REVISED
facebook,dir_05,8,0.7237638264637196,REVISED
facebook,dir_05,9,0.7468525901979022,REVISED
facebook,dir_06,0,0.7459505382247154,REVISED
facebook,dir_06,1,0.7432064191399487,REVISED
facebook,dir_06,2,0.7435996803259891,REVISED
facebook,dir_06,3,0.7425684476745176,REVISED
facebook,dir_06,4,0.7346317969029609,REVISED
facebook,dir_06,5,0.7503681011546184,REVISED
facebook,dir_06,6,0.7453773290853899,REVISED
facebook,dir_06,7,0.7496911545992495,REVISED
facebook,dir_06,8,0.7257141967563994,REVISED
facebook,dir_06,9,0.7468056241185135,REVISED
facebook,dir_07,0,0.7463768997100482,REVISED
facebook,dir_07,1,0.7428358079045928,REVISED
facebook,dir_07,2,0.7438746975164423,REVISED
facebook,dir_07,3,0.7446501100082975,REVISED
facebook,dir_07,4,0.7430557178169377,REVISED
facebook,dir_07,5,0.7503187380011163,REVISED
facebook,dir_07,6,0.7462614672922563,REVISED
facebook,dir_07,7,0.750578467418892,REVISED
facebook,dir_07,8,0.7206448125134561,REVISED
facebook,dir_07,9,0.7471495351229205,REVISED
facebook,dir_08,0,0.7466523634503064,REVISED
facebook,dir_08,1,0.7430032107589011,REVISED
facebook,dir_08,2,0.7435985934305782,REVISED
facebook,dir_08,3,0.7446294027883246,REVISED
facebook,dir_08,4,0.7431994153249591,REVISED
facebook,dir_08,5,0.7503548510142329,REVISED
facebook,dir_08,6,0.7465413731833592,REVISED
facebook,dir_08,7,0.7508863938032297,REVISED
facebook,dir_08,8,0.7180149864432179,REVISED
facebook,dir_08,9,0.7472762954178135,REVISED
facebook,dir_09,0,0.747026745605777,REVISED
facebook,dir_09,1,0.7423498328768021,REVISED
facebook,dir_09,2,0.7440428405416231,REVISED
facebook,dir_09,3,0.7449217721049942,REVISED
facebook,dir_09,4,0.742597925429259,REVISED
facebook,dir_09,5,0.7502722293244928,REVISED
facebook,dir_09,6,0.7476979541770915,REVISED
facebook,dir_09,7,0.7511425739108457,REVISED
facebook,dir_09,8,0.7254917329007385,REVISED
facebook,dir_09,9,0.7474536925360844,REVISED
facebook,dir_10,0,0.7461388181249242,REVISED
facebook,dir_10,1,0.7433015394765023,REVISED
facebook,dir_10,2,0.7434459373405524,REVISED
facebook,dir_10,3,0.7432028722382547,REVISED
facebook,dir_10,4,0.72484207424869,REVISED
facebook,dir_10,5,0.7503118652810916,REVISED
facebook,dir_10,6,0.7407072895520485,REVISED
facebook,dir_10,7,0.7505058741754905,REVISED
facebook,dir_10,8,0.7196387254952716,REVISED
facebook,dir_10,9,0.7465749537743158,REVISED
facebook,dir_11,0,0.7465521467254872,REVISED
facebook,dir_11,1,0.7437728798786796,REVISED
facebook,dir_11,2,0.7435743724214221,REVISED
facebook,dir_11,3,0.7443672204300453,REVISED
facebook,dir_11,4,0.7424422519542182,REVISED
facebook,dir_11,5,0.7506911430664618,REVISED
facebook,dir_11,6,0.7457725997140803,REVISED
facebook,dir_11,7,0.7506930723845167,REVISED
facebook,dir_11,8,0.7210191882336578,REVISED
facebook,dir_11,9,0.7468582084923394,REVISED
facebook,dir_12,0,0.747107571215508,REVISED
facebook,dir_12,1,0.7432919285817932,REVISED
facebook,dir_12,2,0.7435571398868175,REVISED
facebook,dir_12,3,0.7447850620567442,REVISED
facebook,dir_12,4,0.7427673835922726,REVISED
facebook,dir_12,5,0.7501247853952471,REVISED
facebook,dir_12,6,0.7476656626519114,REVISED
facebook,dir_12,7,0.7512587047102864,REVISED
facebook,dir_12,8,0.7236735932975615,REVISED
facebook,dir_12,9,0.7474423519830888,REVISED
facebook,dir_13,0,0.7461926755977533,REVISED
facebook,dir_13,1,0.7434780204700728,REVISED
facebook,dir_13,2,0.7433240330795323,REVISED
facebook,dir_13,3,0.7425139712329194,REVISED
facebook,dir_13,4,0.7383817632743763,REVISED
facebook,dir_13,5,0.7503905863007105,REVISED
facebook,dir_13,6,0.7460483402907896,REVISED
facebook,dir_13,7,0.7500420798662413,REVISED
facebook,dir_13,8,0.7266976363223008,REVISED
facebook,dir_13,9,0.7476263201151769,REVISED
facebook,dir_14,0,0.7463214924086764,REVISED
facebook,dir_14,1,0.7424100971171426,REVISED
facebook,dir_14,2,0.7437680728449265,REVISED
facebook,dir_14,3,0.7430668774276551,REVISED
facebook,dir_14,4,0.7400845086122221,REVISED
facebook,dir_14,5,0.7504796043851674,REVISED
facebook,dir_14,6,0.7460251027532578,REVISED
facebook,dir_14,7,0.7506683899716946,REVISED
facebook,dir_14,8,0.7255126765540194,REVISED
facebook,dir_14,9,0.7470024730475655,REVISED
facebook,dir_15,0,0.7467597063194924,REVISED
facebook,dir_15,1,0.7435919776953491,REVISED
facebook,dir_15,2,0.7438818600287075,REVISED
facebook,dir_15,3,0.7445369264693346,REVISED
facebook,dir_15,4,0.7421945054480537,REVISED
facebook,dir_15,5,0.7508693438624973,REVISED
facebook,dir_15,6,0.7476200456925842,REVISED
facebook,dir_15,7,0.7506947593733018,REVISED
facebook,dir_15,8,0.7261187842027059,REVISED
facebook,dir_15,9,0.7471828142947985,REVISED
facebook,dir_16,0,0.7468372843085969,REVISED
facebook,dir_16,1,0.743462326697953,REVISED
facebook,dir_16,2,0.7440119473361441,REVISED
facebook,dir_16,3,0.7450984550856303,REVISED
facebook,dir_16,4,0.7431005091493352,REVISED
facebook,dir_16,5,0.7507829777959347,REVISED
facebook,dir_16,6,0.7474590241094692,REVISED
facebook,dir_16,7,0.750746216565158,REVISED
facebook,dir_16,8,0.7192352549016936,REVISED
facebook,dir_16,9,0.747297561545298,REVISED
facebook,dir_17,0,0.7469152522161097,REVISED
facebook,dir_17,1,0.7431409658196284,REVISED
facebook,dir_17,2,0.7439256510375938,REVISED
facebook,dir_17,3,0.7447425979413378,REVISED
facebook,dir_17,4,0.7373270612388669,REVISED
facebook,dir_17,5,0.7505008232044373,REVISED
facebook,dir_17,6,0.7463250872283564,REVISED
facebook,dir_17,7,0.7507784596314664,REVISED
facebook,dir_17,8,0.7174862178994463,REVISED
facebook,dir_17,9,0.7471972537912629,REVISED
facebook,dir_18,0,0.7466472098941379,REVISED
facebook,dir_18,1,0.7432008194899461,REVISED
facebook,dir_18,2,0.7436855910651405,REVISED
facebook,dir_18,3,0.7070166767284269,REVISED
facebook,dir_18,4,0.7369928030106138,REVISED
facebook,dir_18,5,0.7479269215510939,REVISED
facebook,dir_18,6,0.7425088657682353,REVISED
facebook,dir_18,7,0.7502581462068438,REVISED
facebook,dir_18,8,0.7169225092197437,REVISED
facebook,dir_18,9,0.7460854553404589,REVISED
facebook,dir_19,0,0.7464347489252792,REVISED
facebook,dir_19,1,0.74273257725057,REVISED
facebook,dir_19,2,0.7438610503461953,REVISED
facebook,dir_19,3,0.7405828719158413,REVISED
facebook,dir_19,4,0.7261514064254843,REVISED
facebook,dir_19,5,0.7495824823524886,REVISED
facebook,dir_19,6,0.7411465379524613,REVISED
facebook,dir_19,7,0.7501147571157143,REVISED
facebook,dir_19,8,0.7222551099979775,REVISED
facebook,dir_19,9,0.746593446591359,REVISED
facebook,gassip_adapted,0,0.7164190065726503,REVISED
facebook,gassip_adapted,1,0.7227837321586821,REVISED
facebook,gassip_adapted,2,0.7148945336127049,REVISED
facebook,gassip_adapted,3,0.7200233786934842,REVISED
facebook,gassip_adapted,4,0.7177646973798473,REVISED
facebook,gassip_adapted,5,0.7223434183579855,REVISED
facebook,gassip_adapted,6,0.7177030207760788,REVISED
facebook,gassip_adapted,7,0.7271716189072472,REVISED
facebook,gassip_adapted,8,0.7253620689277117,REVISED
facebook,gassip_adapted,9,0.7215837635719657,REVISED
facebook,grp_deletion_only,0,0.7462489352744686,REVISED
facebook,grp_deletion_only,1,0.7428764681213023,REVISED
facebook,grp_deletion_only,2,0.7431994934599766,REVISED
facebook,grp_deletion_only,3,0.7450762819631573,REVISED
facebook,grp_deletion_only,4,0.7323215016579834,REVISED
facebook,grp_deletion_only,5,0.7505331359814187,REVISED
facebook,grp_deletion_only,6,0.7435067888975616,REVISED
facebook,grp_deletion_only,7,0.7506956837894732,REVISED
facebook,grp_deletion_only,8,0.7144697372698625,REVISED
facebook,grp_deletion_only,9,0.7460271254133872,REVISED
facebook,grp_proxies_only,0,0.7463898848139827,REVISED
facebook,grp_proxies_only,1,0.7431732002799334,REVISED
facebook,grp_proxies_only,2,0.7435827675974243,REVISED
facebook,grp_proxies_only,3,0.7430332896722831,REVISED
facebook,grp_proxies_only,4,0.741963665926796,REVISED
facebook,grp_proxies_only,5,0.7503010421577436,REVISED
facebook,grp_proxies_only,6,0.7456539094791517,REVISED
facebook,grp_proxies_only,7,0.7504997894317125,REVISED
facebook,grp_proxies_only,8,0.7273296167842878,REVISED
facebook,grp_proxies_only,9,0.7470156791475941,REVISED
facebook,grp_task_plus_proxies,0,0.7466204684721738,REVISED
facebook,grp_task_plus_proxies,1,0.7430414293951901,REVISED
facebook,grp_task_plus_proxies,2,0.7434435518663784,REVISED
facebook,grp_task_plus_proxies,3,0.7037329970768438,REVISED
facebook,grp_task_plus_proxies,4,0.7345488198989465,REVISED
facebook,grp_task_plus_proxies,5,0.747563311678592,REVISED
facebook,grp_task_plus_proxies,6,0.7465740389157303,REVISED
facebook,grp_task_plus_proxies,7,0.7501351381930519,REVISED
facebook,grp_task_plus_proxies,8,0.7204012994702468,REVISED
facebook,grp_task_plus_proxies,9,0.746847375053729,REVISED
facebook,loo_comm,0,0.7467143161151824,REVISED
facebook,loo_comm,1,0.743287245197484,REVISED
facebook,loo_comm,2,0.7435345734618461,REVISED
facebook,loo_comm,3,0.7446902980516131,REVISED
facebook,loo_comm,4,0.7382322866115238,REVISED
facebook,loo_comm,5,0.7502848037732399,REVISED
facebook,loo_comm,6,0.7454119432245235,REVISED
facebook,loo_comm,7,0.750727890059207,REVISED
facebook,loo_comm,8,0.715077445798207,REVISED
facebook,loo_comm,9,0.7468628664442256,REVISED
facebook,loo_conn,0,0.7465575320371414,REVISED
facebook,loo_conn,1,0.7435169133003275,REVISED
facebook,loo_conn,2,0.7436663248677147,REVISED
facebook,loo_conn,3,0.7447441864981674,REVISED
facebook,loo_conn,4,0.7417385536447907,REVISED
facebook,loo_conn,5,0.7507585645721577,REVISED
facebook,loo_conn,6,0.7449684825017904,REVISED
facebook,loo_conn,7,0.7503884741787519,REVISED
facebook,loo_conn,8,0.7186234856305287,REVISED
facebook,loo_conn,9,0.7469144358369624,REVISED
facebook,loo_group,0,0.7465575320371414,REVISED
facebook,loo_group,1,0.7430197238983285,REVISED
facebook,loo_group,2,0.7436663248677147,REVISED
facebook,loo_group,3,0.7445022731362538,REVISED
facebook,loo_group,4,0.7393670184392516,REVISED
facebook,loo_group,5,0.750396412218504,REVISED
facebook,loo_group,6,0.7453448157544589,REVISED
facebook,loo_group,7,0.7503884741787519,REVISED
facebook,loo_group,8,0.7166828521266275,REVISED
facebook,loo_group,9,0.7469144358369624,REVISED
facebook,loo_repr,0,0.7466204684721738,REVISED
facebook,loo_repr,1,0.7433906786630344,REVISED
facebook,loo_repr,2,0.7434359047084491,REVISED
facebook,loo_repr,3,0.744979639504239,REVISED
facebook,loo_repr,4,0.7403684438256062,REVISED
facebook,loo_repr,5,0.7505470985223066,REVISED
facebook,loo_repr,6,0.7433547826245124,REVISED
facebook,loo_repr,7,0.7501351381930519,REVISED
facebook,loo_repr,8,0.7146175349758497,REVISED
facebook,loo_repr,9,0.746847375053729,REVISED
facebook,loo_spec,0,0.7465036831556171,REVISED
facebook,loo_spec,1,0.742791263058248,REVISED
facebook,loo_spec,2,0.7432007009542296,REVISED
facebook,loo_spec,3,0.7445365545796125,REVISED
facebook,loo_spec,4,0.7308971547197722,REVISED
facebook,loo_spec,5,0.7500751625876925,REVISED
facebook,loo_spec,6,0.7438700325785061,REVISED
facebook,loo_spec,7,0.7497329762790026,REVISED
facebook,loo_spec,8,0.7160683457378718,REVISED
facebook,loo_spec,9,0.7467935121568927,REVISED
facebook,loo_task,0,0.7464965279966282,REVISED
facebook,loo_task,1,0.7421439056727671,REVISED
facebook,loo_task,2,0.7436658464909093,REVISED
facebook,loo_task,3,0.7444461226904943,REVISED
facebook,loo_task,4,0.7405543901243855,REVISED
facebook,loo_task,5,0.7501500844235514,REVISED
facebook,loo_task,6,0.7459468403427132,REVISED
facebook,loo_task,7,0.7505731512357716,REVISED
facebook,loo_task,8,0.7192911922395593,REVISED
facebook,loo_task,9,0.7471673306529911,REVISED
facebook,mog_adapted,0,0.7136741926516144,REVISED
facebook,mog_adapted,1,0.707523321658408,REVISED
facebook,mog_adapted,2,0.7188995211700354,REVISED
facebook,mog_adapted,3,0.7199051636862077,REVISED
facebook,mog_adapted,4,0.7237680926268157,REVISED
facebook,mog_adapted,5,0.7235828718172892,REVISED
facebook,mog_adapted,6,0.7256954634758817,REVISED
facebook,mog_adapted,7,0.7215144616994247,REVISED
facebook,mog_adapted,8,0.7295620293033728,REVISED
facebook,mog_adapted,9,0.7145372604970248,REVISED
facebook,neuralsparse,0,0.7200773543665886,REVISED
facebook,neuralsparse,1,0.7173914632768232,REVISED
facebook,neuralsparse,2,0.7181035092873533,REVISED
facebook,neuralsparse,3,0.7193310271463162,REVISED
facebook,neuralsparse,4,0.7187627628025929,REVISED
facebook,neuralsparse,5,0.7235689899006232,REVISED
facebook,neuralsparse,6,0.7204948172948727,REVISED
facebook,neuralsparse,7,0.7247492075297444,REVISED
facebook,neuralsparse,8,0.7278067286115029,REVISED
facebook,neuralsparse,9,0.7220219388002124,REVISED
facebook,nk_local_degree,0,0.7349338457895778,REVISED
facebook,nk_local_degree,1,0.7289647688158198,REVISED
facebook,nk_local_degree,2,0.7325442638669306,REVISED
facebook,nk_local_degree,3,0.7337398553408804,REVISED
facebook,nk_local_degree,4,0.7343387252269572,REVISED
facebook,nk_local_degree,5,0.7394608795120414,REVISED
facebook,nk_local_degree,6,0.7380989027240584,REVISED
facebook,nk_local_degree,7,0.7372494541762236,REVISED
facebook,nk_local_degree,8,0.7373221281188822,REVISED
facebook,nk_local_degree,9,0.7335007550419741,REVISED
facebook,nk_local_similarity,0,0.7481434732141159,REVISED
facebook,nk_local_similarity,1,0.7464201289226033,REVISED
facebook,nk_local_similarity,2,0.7459176919935824,REVISED
facebook,nk_local_similarity,3,0.7501398139789199,REVISED
facebook,nk_local_similarity,4,0.7459755622028812,REVISED
facebook,nk_local_similarity,5,0.7510132054064713,REVISED
facebook,nk_local_similarity,6,0.7476366483329436,REVISED
facebook,nk_local_similarity,7,0.7503125564244941,REVISED
facebook,nk_local_similarity,8,0.7510933407187497,REVISED
facebook,nk_local_similarity,9,0.7475594545729063,REVISED
facebook,original_ilp,0,0.7407333031341902,REVISED
facebook,original_ilp,1,0.7374703079638316,REVISED
facebook,original_ilp,2,0.7385644968330165,REVISED
facebook,original_ilp,3,0.741809010532551,REVISED
facebook,original_ilp,4,0.7393057863300826,REVISED
facebook,original_ilp,5,0.7454147706276681,REVISED
facebook,original_ilp,6,0.7431851471517598,REVISED
facebook,original_ilp,7,0.7447016669378913,REVISED
facebook,original_ilp,8,0.7461150959168126,REVISED
facebook,original_ilp,9,0.741689033358044,REVISED
facebook,psgnn_reimpl,0,0.7122886126390569,REVISED
facebook,psgnn_reimpl,1,0.7114489682861912,REVISED
facebook,psgnn_reimpl,2,0.7145919276054603,REVISED
facebook,psgnn_reimpl,3,0.7179043370745711,REVISED
facebook,psgnn_reimpl,4,0.7140844586077153,REVISED
facebook,psgnn_reimpl,5,0.722739864349371,REVISED
facebook,psgnn_reimpl,6,0.7175867733970199,REVISED
facebook,psgnn_reimpl,7,0.7211335086259463,REVISED
facebook,psgnn_reimpl,8,0.724581908006974,REVISED
facebook,psgnn_reimpl,9,0.7154103182841463,REVISED
facebook,ptdnet,0,0.7369175054872046,REVISED
facebook,ptdnet,1,0.739030005683125,REVISED
facebook,ptdnet,2,0.7334101487266693,REVISED
facebook,ptdnet,3,0.7319104264152501,REVISED
facebook,ptdnet,4,0.728499980520017,REVISED
facebook,ptdnet,5,0.7379779049832509,REVISED
facebook,ptdnet,6,0.7435252227377684,REVISED
facebook,ptdnet,7,0.7376280403031226,REVISED
facebook,ptdnet,8,0.7381795083869129,REVISED
facebook,ptdnet,9,0.7394722520259525,REVISED
facebook,random,0,0.730958800328547,REVISED
facebook,random,1,0.7285968069569919,REVISED
facebook,random,2,0.7277697845585454,REVISED
facebook,random,3,0.7336981241091394,REVISED
facebook,random,4,0.7285223823255702,REVISED
facebook,random,5,0.7361925224786021,REVISED
facebook,random,6,0.7283681406780478,REVISED
facebook,random,7,0.7380367174409304,REVISED
facebook,random,8,0.7371224063273667,REVISED
facebook,random,9,0.732172594823489,REVISED
facebook,resistance_proxy,0,0.7080543707241382,REVISED
facebook,resistance_proxy,1,0.7036837919689973,REVISED
facebook,resistance_proxy,2,0.7093991449111591,REVISED
facebook,resistance_proxy,3,0.7102875107764415,REVISED
facebook,resistance_proxy,4,0.7094123903646073,REVISED
facebook,resistance_proxy,5,0.718412985691864,REVISED
facebook,resistance_proxy,6,0.7105980465890878,REVISED
facebook,resistance_proxy,7,0.7158524784447865,REVISED
facebook,resistance_proxy,8,0.7163948265318469,REVISED
facebook,resistance_proxy,9,0.7081658743744288,REVISED
facebook,task_only,0,0.7290810207401909,REVISED
facebook,task_only,1,0.7434771043780257,REVISED
facebook,task_only,2,0.7436082498905158,REVISED
facebook,task_only,3,0.7460206033629503,REVISED
facebook,task_only,4,0.7415963234065409,REVISED
facebook,task_only,5,0.7457134838022765,REVISED
facebook,task_only,6,0.7376503936897737,REVISED
facebook,task_only,7,0.7328615244148909,REVISED
facebook,task_only,8,0.7498478132683223,REVISED
facebook,task_only,9,0.7195256600089281,REVISED
facebook,w_balanced,0,0.7466250848171467,REVISED
facebook,w_balanced,1,0.7433722951447542,REVISED
facebook,w_balanced,2,0.7439238828824449,REVISED
facebook,w_balanced,3,0.7449161855055042,REVISED
facebook,w_balanced,4,0.7411350235213006,REVISED
facebook,w_balanced,5,0.7506686499752004,REVISED
facebook,w_balanced,6,0.7468663220474048,REVISED
facebook,w_balanced,7,0.75069748828491,REVISED
facebook,w_balanced,8,0.721156923902645,REVISED
facebook,w_balanced,9,0.7473274284267415,REVISED
facebook,w_reduced_proxy,0,0.7464487947866391,REVISED
facebook,w_reduced_proxy,1,0.7430388773622879,REVISED
facebook,w_reduced_proxy,2,0.7433372224223307,REVISED
facebook,w_reduced_proxy,3,0.7449937219310552,REVISED
facebook,w_reduced_proxy,4,0.7354416421135007,REVISED
facebook,w_reduced_proxy,5,0.7504206919219891,REVISED
facebook,w_reduced_proxy,6,0.7449577214020348,REVISED
facebook,w_reduced_proxy,7,0.7502644943422971,REVISED
facebook,w_reduced_proxy,8,0.7146182928857953,REVISED
facebook,w_reduced_proxy,9,0.7466343118431473,REVISED
facebook,w_structure_focused,0,0.7467456762215462,REVISED
facebook,w_structure_focused,1,0.7426635716939407,REVISED
facebook,w_structure_focused,2,0.7437009472502958,REVISED
facebook,w_structure_focused,3,0.7440077280623344,REVISED
facebook,w_structure_focused,4,0.7423819822258455,REVISED
facebook,w_structure_focused,5,0.7495849825916756,REVISED
facebook,w_structure_focused,6,0.7453477161422206,REVISED
facebook,w_structure_focused,7,0.7507482477463738,REVISED
facebook,w_structure_focused,8,0.7235691618606375,REVISED
facebook,w_structure_focused,9,0.7473430530855953,REVISED
facebook,w_task_focused,0,0.7465508173919454,REVISED
facebook,w_task_focused,1,0.7429895812613541,REVISED
facebook,w_task_focused,2,0.7435078771731205,REVISED
facebook,w_task_focused,3,0.7070855254414616,REVISED
facebook,w_task_focused,4,0.7307690838933822,REVISED
facebook,w_task_focused,5,0.743130206811514,REVISED
facebook,w_task_focused,6,0.7443854135600655,REVISED
facebook,w_task_focused,7,0.7498455331839777,REVISED
facebook,w_task_focused,8,0.7189203400441773,REVISED
facebook,w_task_focused,9,0.7459992951140515,REVISED
github,cilp_full,0,0.6500559912109992,REVISED
github,cilp_full,1,0.6479993983521628,REVISED
github,cilp_full,2,0.6478005213222997,REVISED
github,cilp_full,3,0.6538567828423995,REVISED
github,cilp_full,4,0.6509253508091996,REVISED
github,cilp_full,5,0.6460264991080721,REVISED
github,cilp_full,6,0.6565859756049843,REVISED
github,cilp_full,7,0.6451326435932809,REVISED
github,cilp_full,8,0.6452953140704034,REVISED
github,cilp_full,9,0.6458080406485809,REVISED
github,dir_00,0,0.6498866408231239,REVISED
github,dir_00,1,0.647968162002659,REVISED
github,dir_00,2,0.6481495835386321,REVISED
github,dir_00,3,0.6541403522645903,REVISED
github,dir_00,4,0.6509062570493469,REVISED
github,dir_00,5,0.6459576698515295,REVISED
github,dir_00,6,0.6572659788154349,REVISED
github,dir_00,7,0.6447434905491567,REVISED
github,dir_00,8,0.6452621883143281,REVISED
github,dir_00,9,0.6461355819681895,REVISED
github,dir_01,0,0.6499527010174375,REVISED
github,dir_01,1,0.6454022456777286,REVISED
github,dir_01,2,0.6478126176006704,REVISED
github,dir_01,3,0.6543396219505747,REVISED
github,dir_01,4,0.641426063988372,REVISED
github,dir_01,5,0.6434408886819049,REVISED
github,dir_01,6,0.6561812789612645,REVISED
github,dir_01,7,0.6431470608579821,REVISED
github,dir_01,8,0.6454395864919498,REVISED
github,dir_01,9,0.6459089544940649,REVISED
github,dir_02,0,0.6496999275686378,REVISED
github,dir_02,1,0.6477110465974436,REVISED
github,dir_02,2,0.6489817346805677,REVISED
github,dir_02,3,0.6540735987096566,REVISED
github,dir_02,4,0.6415252402799384,REVISED
github,dir_02,5,0.6466237743938861,REVISED
github,dir_02,6,0.6565756777970244,REVISED
github,dir_02,7,0.6435953602870138,REVISED
github,dir_02,8,0.6454622708006662,REVISED
github,dir_02,9,0.6457293195878913,REVISED
github,dir_03,0,0.6497621950861355,REVISED
github,dir_03,1,0.6474525876525277,REVISED
github,dir_03,2,0.6479667081493656,REVISED
github,dir_03,3,0.6541004738910613,REVISED
github,dir_03,4,0.6499818815318464,REVISED
github,dir_03,5,0.6453293286191618,REVISED
github,dir_03,6,0.6568577801880386,REVISED
github,dir_03,7,0.6451423188920503,REVISED
github,dir_03,8,0.6451692602308429,REVISED
github,dir_03,9,0.646103031950886,REVISED
github,dir_04,0,0.6495818406931656,REVISED
github,dir_04,1,0.6484527408851216,REVISED
github,dir_04,2,0.648615714377361,REVISED
github,dir_04,3,0.653944872392664,REVISED
github,dir_04,4,0.6510523252698036,REVISED
github,dir_04,5,0.6459905107864761,REVISED
github,dir_04,6,0.6568062591282253,REVISED
github,dir_04,7,0.6441179116333455,REVISED
github,dir_04,8,0.6445595580709267,REVISED
github,dir_04,9,0.6459804744738099,REVISED
github,dir_05,0,0.6497010545853277,REVISED
github,dir_05,1,0.6481908822210265,REVISED
github,dir_05,2,0.6476946485464135,REVISED
github,dir_05,3,0.6538836849257985,REVISED
github,dir_05,4,0.6498153922845034,REVISED
github,dir_05,5,0.6457524481886343,REVISED
github,dir_05,6,0.6566872513215878,REVISED
github,dir_05,7,0.6470992188097765,REVISED
github,dir_05,8,0.6454969914394801,REVISED
github,dir_05,9,0.6463062029165946,REVISED
github,dir_06,0,0.6499329309421165,REVISED
github,dir_06,1,0.6487506140432419,REVISED
github,dir_06,2,0.6486640227072968,REVISED
github,dir_06,3,0.6540405840980467,REVISED
github,dir_06,4,0.6419637984725577,REVISED
github,dir_06,5,0.6461044808993822,REVISED
github,dir_06,6,0.655375468745568,REVISED
github,dir_06,7,0.6446007816994956,REVISED
github,dir_06,8,0.6459447081989177,REVISED
github,dir_06,9,0.6454117798082255,REVISED
github,dir_07,0,0.6495816704192197,REVISED
github,dir_07,1,0.648406499909068,REVISED
github,dir_07,2,0.6477007368448078,REVISED
github,dir_07,3,0.6537077390406734,REVISED
github,dir_07,4,0.6501103435774238,REVISED
github,dir_07,5,0.6465667270636416,REVISED
github,dir_07,6,0.6571390835120715,REVISED
github,dir_07,7,0.6463575894586311,REVISED
github,dir_07,8,0.6448755566663849,REVISED
github,dir_07,9,0.6463566883390897,REVISED
github,dir_08,0,0.6496429899184846,REVISED
github,dir_08,1,0.6478032270399536,REVISED
github,dir_08,2,0.6479296165718461,REVISED
github,dir_08,3,0.6537620977267271,REVISED
github,dir_08,4,0.6506412792718896,REVISED
github,dir_08,5,0.6461476965327946,REVISED
github,dir_08,6,0.656802849615343,REVISED
github,dir_08,7,0.6449488792456156,REVISED
github,dir_08,8,0.6456316143718075,REVISED
github,dir_08,9,0.6460100810206665,REVISED
github,dir_09,0,0.6494913627519293,REVISED
github,dir_09,1,0.6484510260674221,REVISED
github,dir_09,2,0.648180064970244,REVISED
github,dir_09,3,0.6539756229735163,REVISED
github,dir_09,4,0.6506320833726524,REVISED
github,dir_09,5,0.6461024801963635,REVISED
github,dir_09,6,0.6570388076376927,REVISED
github,dir_09,7,0.6446823592287203,REVISED
github,dir_09,8,0.6453306033008506,REVISED
github,dir_09,9,0.6463462601841905,REVISED
github,dir_10,0,0.6499559738569212,REVISED
github,dir_10,1,0.6482956518475758,REVISED
github,dir_10,2,0.6480253945764469,REVISED
github,dir_10,3,0.6545376234480194,REVISED
github,dir_10,4,0.6446519225649281,REVISED
github,dir_10,5,0.6456985023066617,REVISED
github,dir_10,6,0.6564284897680018,REVISED
github,dir_10,7,0.645234516290367,REVISED
github,dir_10,8,0.6443472276176301,REVISED
github,dir_10,9,0.6457505320783385,REVISED
github,dir_11,0,0.6499756103927777,REVISED
github,dir_11,1,0.6481580330142982,REVISED
github,dir_11,2,0.647729312150746,REVISED
github,dir_11,3,0.6539077229547985,REVISED
github,dir_11,4,0.651304527148417,REVISED
github,dir_11,5,0.64606527308946,REVISED
github,dir_11,6,0.6567396113987735,REVISED
github,dir_11,7,0.6471764738368676,REVISED
github,dir_11,8,0.6445293971518271,REVISED
github,dir_11,9,0.6463195728455355,REVISED
github,dir_12,0,0.6498222555614868,REVISED
github,dir_12,1,0.6483346716377947,REVISED
github,dir_12,2,0.6481432102309292,REVISED
github,dir_12,3,0.6543345234678608,REVISED
github,dir_12,4,0.6500480319605899,REVISED
github,dir_12,5,0.6462456289479676,REVISED
github,dir_12,6,0.6568306035689175,REVISED
github,dir_12,7,0.6448989119831814,REVISED
github,dir_12,8,0.6450828735920686,REVISED
github,dir_12,9,0.6463256438006311,REVISED
github,dir_13,0,0.6494052010051916,REVISED
github,dir_13,1,0.6480221302611406,REVISED
github,dir_13,2,0.6486417142009885,REVISED
github,dir_13,3,0.6542747346536939,REVISED
github,dir_13,4,0.6502468725729025,REVISED
github,dir_13,5,0.64623806159403,REVISED
github,dir_13,6,0.6556490968536794,REVISED
github,dir_13,7,0.6456241791481625,REVISED
github,dir_13,8,0.6451874794426091,REVISED
github,dir_13,9,0.646210422973844,REVISED
github,dir_14,0,0.6491579417697477,REVISED
github,dir_14,1,0.6484303946647997,REVISED
github,dir_14,2,0.6483149015629044,REVISED
github,dir_14,3,0.6540207283756825,REVISED
github,dir_14,4,0.6509324776591121,REVISED
github,dir_14,5,0.6446304406792409,REVISED
github,dir_14,6,0.6553285310392458,REVISED
github,dir_14,7,0.6447835716211365,REVISED
github,dir_14,8,0.6445764880741292,REVISED
github,dir_14,9,0.6462699087488228,REVISED
github,dir_15,0,0.6497177320272398,REVISED
github,dir_15,1,0.6480222043835018,REVISED
github,dir_15,2,0.6481359553681002,REVISED
github,dir_15,3,0.6537984129102299,REVISED
github,dir_15,4,0.6490068490319614,REVISED
github,dir_15,5,0.6458329937121272,REVISED
github,dir_15,6,0.6567245152263039,REVISED
github,dir_15,7,0.6449981406239522,REVISED
github,dir_15,8,0.6464668230645702,REVISED
github,dir_15,9,0.6464245241048743,REVISED
github,dir_16,0,0.6496269105493986,REVISED
github,dir_16,1,0.6485250435428127,REVISED
github,dir_16,2,0.6481172123641813,REVISED
github,dir_16,3,0.6542036678690384,REVISED
github,dir_16,4,0.6496879899176871,REVISED
github,dir_16,5,0.645886546373529,REVISED
github,dir_16,6,0.6566641156494105,REVISED
github,dir_16,7,0.6465317987767227,REVISED
github,dir_16,8,0.645435530111328,REVISED
github,dir_16,9,0.6463211113557576,REVISED
github,dir_17,0,0.6499376249165127,REVISED
github,dir_17,1,0.648318603223953,REVISED
github,dir_17,2,0.6485105697757712,REVISED
github,dir_17,3,0.6544015536007203,REVISED
github,dir_17,4,0.6505791411493922,REVISED
github,dir_17,5,0.6461893799213019,REVISED
github,dir_17,6,0.6564895282735095,REVISED
github,dir_17,7,0.6456644291380434,REVISED
github,dir_17,8,0.6457960955489394,REVISED
github,dir_17,9,0.6459746038034793,REVISED
github,dir_18,0,0.6377238951212783,REVISED
github,dir_18,1,0.6469492312889761,REVISED
github,dir_18,2,0.6483627921193067,REVISED
github,dir_18,3,0.6473138863242971,REVISED
github,dir_18,4,0.6418171920321742,REVISED
github,dir_18,5,0.6451112745863142,REVISED
github,dir_18,6,0.6566404246204133,REVISED
github,dir_18,7,0.6473765732972923,REVISED
github,dir_18,8,0.6463802027586272,REVISED
github,dir_18,9,0.6403946440544985,REVISED
github,dir_19,0,0.6492541785940924,REVISED
github,dir_19,1,0.6474783503318468,REVISED
github,dir_19,2,0.6478281288987564,REVISED
github,dir_19,3,0.6448531236301274,REVISED
github,dir_19,4,0.6413762765540412,REVISED
github,dir_19,5,0.6434488624656471,REVISED
github,dir_19,6,0.6569223917689324,REVISED
github,dir_19,7,0.6444819863735969,REVISED
github,dir_19,8,0.6450394389470535,REVISED
github,dir_19,9,0.6461971788474002,REVISED
github,gassip_adapted,0,0.6384116260984677,REVISED
github,gassip_adapted,1,0.6360864530050402,REVISED
github,gassip_adapted,2,0.6371282282486066,REVISED
github,gassip_adapted,3,0.6455879843301039,REVISED
github,gassip_adapted,4,0.6437867374932086,REVISED
github,gassip_adapted,5,0.6364121069579297,REVISED
github,gassip_adapted,6,0.6493001747999644,REVISED
github,gassip_adapted,7,0.6406941329791325,REVISED
github,gassip_adapted,8,0.6381812776068102,REVISED
github,gassip_adapted,9,0.6376056245053552,REVISED
github,grp_deletion_only,0,0.6498266816441858,REVISED
github,grp_deletion_only,1,0.647763469182308,REVISED
github,grp_deletion_only,2,0.6481965003269707,REVISED
github,grp_deletion_only,3,0.6538613454578706,REVISED
github,grp_deletion_only,4,0.6422798514624738,REVISED
github,grp_deletion_only,5,0.6459831779239631,REVISED
github,grp_deletion_only,6,0.6566229986410659,REVISED
github,grp_deletion_only,7,0.6445972454063895,REVISED
github,grp_deletion_only,8,0.6453158891128301,REVISED
github,grp_deletion_only,9,0.6460988462551738,REVISED
github,grp_proxies_only,0,0.6500888867724921,REVISED
github,grp_proxies_only,1,0.6483668812633392,REVISED
github,grp_proxies_only,2,0.6475363480092754,REVISED
github,grp_proxies_only,3,0.6491414166198775,REVISED
github,grp_proxies_only,4,0.6505613965304535,REVISED
github,grp_proxies_only,5,0.6462115130588924,REVISED
github,grp_proxies_only,6,0.6560348278829603,REVISED
github,grp_proxies_only,7,0.6446067541558044,REVISED
github,grp_proxies_only,8,0.646680165498748,REVISED
github,grp_proxies_only,9,0.6464252197684979,REVISED
github,grp_task_plus_proxies,0,0.6370805464374075,REVISED
github,grp_task_plus_proxies,1,0.6468958172353818,REVISED
github,grp_task_plus_proxies,2,0.6481711182981151,REVISED
github,grp_task_plus_proxies,3,0.6538103027916711,REVISED
github,grp_task_plus_proxies,4,0.6495726260350427,REVISED
github,grp_task_plus_proxies,5,0.6445882473381882,REVISED
github,grp_task_plus_proxies,6,0.6570563519203654,REVISED
github,grp_task_plus_proxies,7,0.6469996234940731,REVISED
github,grp_task_plus_proxies,8,0.6457369520984588,REVISED
github,grp_task_plus_proxies,9,0.6409229176931515,REVISED
github,loo_comm,0,0.6495878926328177,REVISED
github,loo_comm,1,0.6480105793057256,REVISED
github,loo_comm,2,0.6476328109721907,REVISED
github,loo_comm,3,0.6538546216625498,REVISED
github,loo_comm,4,0.6500804003426385,REVISED
github,loo_comm,5,0.6462327902517191,REVISED
github,loo_comm,6,0.6566139010864274,REVISED
github,loo_comm,7,0.6444710387275701,REVISED
github,loo_comm,8,0.6449598887343574,REVISED
github,loo_comm,9,0.64573217981348,REVISED
github,loo_conn,0,0.6497116635621014,REVISED
github,loo_conn,1,0.6494112471019092,REVISED
github,loo_conn,2,0.6481834371381291,REVISED
github,loo_conn,3,0.653897193491406,REVISED
github,loo_conn,4,0.6509253508091996,REVISED
github,loo_conn,5,0.6459393414248084,REVISED
github,loo_conn,6,0.6569872406285904,REVISED
github,loo_conn,7,0.6465280609168216,REVISED
github,loo_conn,8,0.6453761298047742,REVISED
github,loo_conn,9,0.6462357874759599,REVISED
github,loo_group,0,0.6500932925751748,REVISED
github,loo_group,1,0.6480142932637906,REVISED
github,loo_group,2,0.6478150940755535,REVISED
github,loo_group,3,0.6538567828423995,REVISED
github,loo_group,4,0.6509253508091996,REVISED
github,loo_group,5,0.6460264991080721,REVISED
github,loo_group,6,0.656572639091477,REVISED
github,loo_group,7,0.6452068878890682,REVISED
github,loo_group,8,0.64528379974222,REVISED
github,loo_group,9,0.6457339734672916,REVISED
github,loo_repr,0,0.6497797146244576,REVISED
github,loo_repr,1,0.6480909399778614,REVISED
github,loo_repr,2,0.6474561311772616,REVISED
github,loo_repr,3,0.6541664090623567,REVISED
github,loo_repr,4,0.6495726260350427,REVISED
github,loo_repr,5,0.6462767933158706,REVISED
github,loo_repr,6,0.656748252351546,REVISED
github,loo_repr,7,0.6447477026925884,REVISED
github,loo_repr,8,0.6446992875566271,REVISED
github,loo_repr,9,0.6460795832833688,REVISED
github,loo_spec,0,0.6500155751544794,REVISED
github,loo_spec,1,0.6483042273609578,REVISED
github,loo_spec,2,0.6477218100631118,REVISED
github,loo_spec,3,0.6540339156005011,REVISED
github,loo_spec,4,0.6498167026778059,REVISED
github,loo_spec,5,0.6459845264297246,REVISED
github,loo_spec,6,0.6563202251951132,REVISED
github,loo_spec,7,0.6442056505265774,REVISED
github,loo_spec,8,0.645438575283748,REVISED
github,loo_spec,9,0.6457463660621461,REVISED
github,loo_task,0,0.6497830797255993,REVISED
github,loo_task,1,0.6480384390703663,REVISED
github,loo_task,2,0.6485631372905826,REVISED
github,loo_task,3,0.6545638612239439,REVISED
github,loo_task,4,0.6504867771042673,REVISED
github,loo_task,5,0.6458868920712005,REVISED
github,loo_task,6,0.6569577233624133,REVISED
github,loo_task,7,0.6447387490780252,REVISED
github,loo_task,8,0.6449580614701953,REVISED
github,loo_task,9,0.6462163053934133,REVISED
github,mog_adapted,0,0.6476769596604279,REVISED
github,mog_adapted,1,0.6429877127468332,REVISED
github,mog_adapted,2,0.6453462389332525,REVISED
github,mog_adapted,3,0.6536353261715713,REVISED
github,mog_adapted,4,0.6470334222813262,REVISED
github,mog_adapted,5,0.6445424542802733,REVISED
github,mog_adapted,6,0.6525444672399539,REVISED
github,mog_adapted,7,0.6404095138559097,REVISED
github,mog_adapted,8,0.641908920648188,REVISED
github,mog_adapted,9,0.6457190054653037,REVISED
github,neuralsparse,0,0.6366910410636153,REVISED
github,neuralsparse,1,0.6358760047728528,REVISED
github,neuralsparse,2,0.6371818203100081,REVISED
github,neuralsparse,3,0.644712424252533,REVISED
github,neuralsparse,4,0.6419841528107857,REVISED
github,neuralsparse,5,0.6355705315291429,REVISED
github,neuralsparse,6,0.6489006327324287,REVISED
github,neuralsparse,7,0.6395608290203805,REVISED
github,neuralsparse,8,0.637386335979578,REVISED
github,neuralsparse,9,0.6369331022232456,REVISED
github,nk_local_degree,0,0.6447671426254064,REVISED
github,nk_local_degree,1,0.6422660914476974,REVISED
github,nk_local_degree,2,0.6415754845223263,REVISED
github,nk_local_degree,3,0.6499679724068859,REVISED
github,nk_local_degree,4,0.6448995912366509,REVISED
github,nk_local_degree,5,0.6418597568210346,REVISED
github,nk_local_degree,6,0.6543506868837956,REVISED
github,nk_local_degree,7,0.6442228592797041,REVISED
github,nk_local_degree,8,0.641820829845401,REVISED
github,nk_local_degree,9,0.6399096329646605,REVISED
github,nk_local_similarity,0,0.6483906662216024,REVISED
github,nk_local_similarity,1,0.6465000929422993,REVISED
github,nk_local_similarity,2,0.6434034256611376,REVISED
github,nk_local_similarity,3,0.6508883175684173,REVISED
github,nk_local_similarity,4,0.6517866421794645,REVISED
github,nk_local_similarity,5,0.6424303111514149,REVISED
github,nk_local_similarity,6,0.6527441173377762,REVISED
github,nk_local_similarity,7,0.6505966793834356,REVISED
github,nk_local_similarity,8,0.6439895701198999,REVISED
github,nk_local_similarity,9,0.6430439964437937,REVISED
github,original_ilp,0,0.6518048643902253,REVISED
github,original_ilp,1,0.647814267405245,REVISED
github,original_ilp,2,0.6485782863523404,REVISED
github,original_ilp,3,0.6546320933633252,REVISED
github,original_ilp,4,0.6513158847933189,REVISED
github,original_ilp,5,0.6471448885812269,REVISED
github,original_ilp,6,0.6552657542847404,REVISED
github,original_ilp,7,0.6516347561518904,REVISED
github,original_ilp,8,0.6483433439583239,REVISED
github,original_ilp,9,0.6450122202879907,REVISED
github,psgnn_reimpl,0,0.6402512479965234,REVISED
github,psgnn_reimpl,1,0.6414989893531782,REVISED
github,psgnn_reimpl,2,0.6395215151686953,REVISED
github,psgnn_reimpl,3,0.6462270777170743,REVISED
github,psgnn_reimpl,4,0.6425415937237279,REVISED
github,psgnn_reimpl,5,0.6392691457848574,REVISED
github,psgnn_reimpl,6,0.6503209168015648,REVISED
github,psgnn_reimpl,7,0.6420507907037605,REVISED
github,psgnn_reimpl,8,0.64192125057694,REVISED
github,psgnn_reimpl,9,0.6428525525384964,REVISED
github,ptdnet,0,0.6524290120266891,REVISED
github,ptdnet,1,0.6466944694316301,REVISED
github,ptdnet,2,0.6478956882614415,REVISED
github,ptdnet,3,0.6530103714469391,REVISED
github,ptdnet,4,0.6526046078956731,REVISED
github,ptdnet,5,0.6467541644025536,REVISED
github,ptdnet,6,0.6555297402807536,REVISED
github,ptdnet,7,0.6521048131513971,REVISED
github,ptdnet,8,0.6489131756400508,REVISED
github,ptdnet,9,0.6448638115190073,REVISED
github,random,0,0.6472223318389454,REVISED
github,random,1,0.6457088100180717,REVISED
github,random,2,0.6443213585831311,REVISED
github,random,3,0.652106033155837,REVISED
github,random,4,0.6484285159804413,REVISED
github,random,5,0.6405046941309315,REVISED
github,random,6,0.6528261705658636,REVISED
github,random,7,0.6481258224308262,REVISED
github,random,8,0.644379448865114,REVISED
github,random,9,0.6434687182353036,REVISED
github,resistance_proxy,0,0.6443192785546541,REVISED
github,resistance_proxy,1,0.6438298130017958,REVISED
github,resistance_proxy,2,0.6434076886421982,REVISED
github,resistance_proxy,3,0.6491069140808784,REVISED
github,resistance_proxy,4,0.6457474168890918,REVISED
github,resistance_proxy,5,0.6408734647311536,REVISED
github,resistance_proxy,6,0.6534441994307263,REVISED
github,resistance_proxy,7,0.6448698955373833,REVISED
github,resistance_proxy,8,0.6463152671426675,REVISED
github,resistance_proxy,9,0.6449240024438498,REVISED
github,task_only,0,0.6451320080547259,REVISED
github,task_only,1,0.6423958997698473,REVISED
github,task_only,2,0.643519241973478,REVISED
github,task_only,3,0.6534142575849728,REVISED
github,task_only,4,0.6514565220369799,REVISED
github,task_only,5,0.6451375468127727,REVISED
github,task_only,6,0.6517253330611046,REVISED
github,task_only,7,0.6517232709251821,REVISED
github,task_only,8,0.643144068614317,REVISED
github,task_only,9,0.6385337253033423,REVISED
github,w_balanced,0,0.6498129514721924,REVISED
github,w_balanced,1,0.648019237977015,REVISED
github,w_balanced,2,0.6485966693321197,REVISED
github,w_balanced,3,0.6543757718000034,REVISED
github,w_balanced,4,0.6509237961339032,REVISED
github,w_balanced,5,0.6458759331061137,REVISED
github,w_balanced,6,0.6568456921664725,REVISED
github,w_balanced,7,0.6461681597098876,REVISED
github,w_balanced,8,0.646112101939962,REVISED
github,w_balanced,9,0.6461367198824308,REVISED
github,w_reduced_proxy,0,0.6493872408055719,REVISED
github,w_reduced_proxy,1,0.6480381129667092,REVISED
github,w_reduced_proxy,2,0.6479666281129233,REVISED
github,w_reduced_proxy,3,0.6541787946311879,REVISED
github,w_reduced_proxy,4,0.6503741030232859,REVISED
github,w_reduced_proxy,5,0.6458191203468889,REVISED
github,w_reduced_proxy,6,0.6567219400255997,REVISED
github,w_reduced_proxy,7,0.6445143777425859,REVISED
github,w_reduced_proxy,8,0.6450765609056339,REVISED
github,w_reduced_proxy,9,0.6458601890693798,REVISED
github,w_structure_focused,0,0.6499687174455604,REVISED
github,w_structure_focused,1,0.647597890394133,REVISED
github,w_structure_focused,2,0.6484814110883624,REVISED
github,w_structure_focused,3,0.6539119980251407,REVISED
github,w_structure_focused,4,0.6508086298022551,REVISED
github,w_structure_focused,5,0.6460559983797793,REVISED
github,w_structure_focused,6,0.6570605138783789,REVISED
github,w_structure_focused,7,0.6446289458238104,REVISED
github,w_structure_focused,8,0.644912902740102,REVISED
github,w_structure_focused,9,0.6457076067239406,REVISED
github,w_task_focused,0,0.6378891035173906,REVISED
github,w_task_focused,1,0.646896720939832,REVISED
github,w_task_focused,2,0.6481553806184162,REVISED
github,w_task_focused,3,0.6468804029825597,REVISED
github,w_task_focused,4,0.6501645427347936,REVISED
github,w_task_focused,5,0.6458967403064064,REVISED
github,w_task_focused,6,0.6565214932661503,REVISED
github,w_task_focused,7,0.6462820508317686,REVISED
github,w_task_focused,8,0.6457317451055634,REVISED
github,w_task_focused,9,0.6408603851124339,REVISED
lastfm,cilp_full,0,0.624467171577668,REVISED
lastfm,cilp_full,1,0.5548664921205312,REVISED
lastfm,cilp_full,2,0.6160980553876977,REVISED
lastfm,cilp_full,3,0.6017285183689393,REVISED
lastfm,cilp_full,4,0.6062597031387031,REVISED
lastfm,cilp_full,5,0.601283088950345,REVISED
lastfm,cilp_full,6,0.6381293585278662,REVISED
lastfm,cilp_full,7,0.6113667392143706,REVISED
lastfm,cilp_full,8,0.5677383181766049,REVISED
lastfm,cilp_full,9,0.5781927571975651,REVISED
lastfm,dir_00,0,0.6273913374210794,REVISED
lastfm,dir_00,1,0.5518182849695898,REVISED
lastfm,dir_00,2,0.6239351506398978,REVISED
lastfm,dir_00,3,0.6051773789853558,REVISED
lastfm,dir_00,4,0.5989955670830339,REVISED
lastfm,dir_00,5,0.587095409289476,REVISED
lastfm,dir_00,6,0.6442254546906525,REVISED
lastfm,dir_00,7,0.6078486528252112,REVISED
lastfm,dir_00,8,0.57067099806473,REVISED
lastfm,dir_00,9,0.5797351648606047,REVISED
lastfm,dir_01,0,0.5310942690343909,REVISED
lastfm,dir_01,1,0.5147046156829954,REVISED
lastfm,dir_01,2,0.6070647149353519,REVISED
lastfm,dir_01,3,0.6049368679990366,REVISED
lastfm,dir_01,4,0.5946564936459586,REVISED
lastfm,dir_01,5,0.5328285364425811,REVISED
lastfm,dir_01,6,0.6004748110530325,REVISED
lastfm,dir_01,7,0.6020542596937679,REVISED
lastfm,dir_01,8,0.5560138152982879,REVISED
lastfm,dir_01,9,0.5069068785564553,REVISED
lastfm,dir_02,0,0.6288796118592846,REVISED
lastfm,dir_02,1,0.5533280214082908,REVISED
lastfm,dir_02,2,0.6151668770835155,REVISED
lastfm,dir_02,3,0.5982356387104024,REVISED
lastfm,dir_02,4,0.6037426590710727,REVISED
lastfm,dir_02,5,0.5948602006033872,REVISED
lastfm,dir_02,6,0.6380809824386273,REVISED
lastfm,dir_02,7,0.6021086002611984,REVISED
lastfm,dir_02,8,0.5677578996709941,REVISED
lastfm,dir_02,9,0.5719712061561735,REVISED
lastfm,dir_03,0,0.5987127634141304,REVISED
lastfm,dir_03,1,0.5562310448243837,REVISED
lastfm,dir_03,2,0.6202170827515929,REVISED
lastfm,dir_03,3,0.605757328563272,REVISED
lastfm,dir_03,4,0.6045872302191355,REVISED
lastfm,dir_03,5,0.6047894579078166,REVISED
lastfm,dir_03,6,0.6373814292947422,REVISED
lastfm,dir_03,7,0.6207048982733496,REVISED
lastfm,dir_03,8,0.5566924529475216,REVISED
lastfm,dir_03,9,0.5578672247401453,REVISED
lastfm,dir_04,0,0.6268363583018632,REVISED
lastfm,dir_04,1,0.5532798662673795,REVISED
lastfm,dir_04,2,0.6181521838755712,REVISED
lastfm,dir_04,3,0.6032479972590563,REVISED
lastfm,dir_04,4,0.6054375043978455,REVISED
lastfm,dir_04,5,0.6081910751177539,REVISED
lastfm,dir_04,6,0.6376024936336537,REVISED
lastfm,dir_04,7,0.6080350981691571,REVISED
lastfm,dir_04,8,0.5735630670109848,REVISED
lastfm,dir_04,9,0.5744608835521041,REVISED
lastfm,dir_05,0,0.6198920688960676,REVISED
lastfm,dir_05,1,0.554537880151807,REVISED
lastfm,dir_05,2,0.6219532511219805,REVISED
lastfm,dir_05,3,0.6056265203422502,REVISED
lastfm,dir_05,4,0.6054139973815618,REVISED
lastfm,dir_05,5,0.5776498010398732,REVISED
lastfm,dir_05,6,0.6395626302143617,REVISED
lastfm,dir_05,7,0.6197330277153179,REVISED
lastfm,dir_05,8,0.5742441607150286,REVISED
lastfm,dir_05,9,0.5859373512015301,REVISED
lastfm,dir_06,0,0.5920407134166394,REVISED
lastfm,dir_06,1,0.5394153704328267,REVISED
lastfm,dir_06,2,0.6142139840945414,REVISED
lastfm,dir_06,3,0.6042348009649305,REVISED
lastfm,dir_06,4,0.5969550636862037,REVISED
lastfm,dir_06,5,0.5706466101143379,REVISED
lastfm,dir_06,6,0.6362464359643925,REVISED
lastfm,dir_06,7,0.6132301649906415,REVISED
lastfm,dir_06,8,0.5591896445571901,REVISED
lastfm,dir_06,9,0.5482651158141006,REVISED
lastfm,dir_07,0,0.6267608628678784,REVISED
lastfm,dir_07,1,0.5526852203174416,REVISED
lastfm,dir_07,2,0.6202099795456135,REVISED
lastfm,dir_07,3,0.6072008447200683,REVISED
lastfm,dir_07,4,0.606338121648321,REVISED
lastfm,dir_07,5,0.6072331863789542,REVISED
lastfm,dir_07,6,0.637468866744882,REVISED
lastfm,dir_07,7,0.6149595304799471,REVISED
lastfm,dir_07,8,0.5708137074947948,REVISED
lastfm,dir_07,9,0.5783019243821831,REVISED
lastfm,dir_08,0,0.6224844674481298,REVISED
lastfm,dir_08,1,0.5601430251963876,REVISED
lastfm,dir_08,2,0.6149075224310956,REVISED
lastfm,dir_08,3,0.6053045232208325,REVISED
lastfm,dir_08,4,0.6059009091231629,REVISED
lastfm,dir_08,5,0.6052676174215214,REVISED
lastfm,dir_08,6,0.6396663351579038,REVISED
lastfm,dir_08,7,0.6153855111925295,REVISED
lastfm,dir_08,8,0.5653625958445875,REVISED
lastfm,dir_08,9,0.5807151221417068,REVISED
lastfm,dir_09,0,0.6260725845054225,REVISED
lastfm,dir_09,1,0.5633028649554747,REVISED
lastfm,dir_09,2,0.6253587473738572,REVISED
lastfm,dir_09,3,0.6055080404917538,REVISED
lastfm,dir_09,4,0.6055768373878977,REVISED
lastfm,dir_09,5,0.5836056883407107,REVISED
lastfm,dir_09,6,0.6412657223523892,REVISED
lastfm,dir_09,7,0.6134810511160363,REVISED
lastfm,dir_09,8,0.57078186466066,REVISED
lastfm,dir_09,9,0.5816016507100503,REVISED
lastfm,dir_10,0,0.6096246836371378,REVISED
lastfm,dir_10,1,0.5550589555643377,REVISED
lastfm,dir_10,2,0.6110933832264476,REVISED
lastfm,dir_10,3,0.6028985448208013,REVISED
lastfm,dir_10,4,0.6018680810150592,REVISED
lastfm,dir_10,5,0.5961885616806419,REVISED
lastfm,dir_10,6,0.6419231411397157,REVISED
lastfm,dir_10,7,0.5922870805827067,REVISED
lastfm,dir_10,8,0.5604750700447677,REVISED
lastfm,dir_10,9,0.5659398537983631,REVISED
lastfm,dir_11,0,0.6243170435936739,REVISED
lastfm,dir_11,1,0.5596842693876107,REVISED
lastfm,dir_11,2,0.6165958332067805,REVISED
lastfm,dir_11,3,0.6014738192015041,REVISED
lastfm,dir_11,4,0.6061166290714037,REVISED
lastfm,dir_11,5,0.6120754982070682,REVISED
lastfm,dir_11,6,0.6387627106600144,REVISED
lastfm,dir_11,7,0.6124313526463037,REVISED
lastfm,dir_11,8,0.570510003721872,REVISED
lastfm,dir_11,9,0.580996350891328,REVISED
lastfm,dir_12,0,0.6250559240895346,REVISED
lastfm,dir_12,1,0.5662869171273139,REVISED
lastfm,dir_12,2,0.6225547029009135,REVISED
lastfm,dir_12,3,0.6061892567973186,REVISED
lastfm,dir_12,4,0.6044595769647616,REVISED
lastfm,dir_12,5,0.5812394136960821,REVISED
lastfm,dir_12,6,0.6398833161638104,REVISED
lastfm,dir_12,7,0.6123619487640501,REVISED
lastfm,dir_12,8,0.5751473266125784,REVISED
lastfm,dir_12,9,0.5773095746143314,REVISED
lastfm,dir_13,0,0.6100205568742306,REVISED
lastfm,dir_13,1,0.537366366026293,REVISED
lastfm,dir_13,2,0.617698812967128,REVISED
lastfm,dir_13,3,0.6083381977136852,REVISED
lastfm,dir_13,4,0.5991755641434137,REVISED
lastfm,dir_13,5,0.5558211826880441,REVISED
lastfm,dir_13,6,0.6399914938424491,REVISED
lastfm,dir_13,7,0.6192463711362124,REVISED
lastfm,dir_13,8,0.5634395253821405,REVISED
lastfm,dir_13,9,0.5587923537993232,REVISED
lastfm,dir_14,0,0.604419598740647,REVISED
lastfm,dir_14,1,0.548552070224382,REVISED
lastfm,dir_14,2,0.6184581998343537,REVISED
lastfm,dir_14,3,0.6065220173994736,REVISED
lastfm,dir_14,4,0.6030709673522345,REVISED
lastfm,dir_14,5,0.583613648817849,REVISED
lastfm,dir_14,6,0.639830844481183,REVISED
lastfm,dir_14,7,0.6128109507508857,REVISED
lastfm,dir_14,8,0.5572597923588949,REVISED
lastfm,dir_14,9,0.5556447952355499,REVISED
lastfm,dir_15,0,0.6200145288536889,REVISED
lastfm,dir_15,1,0.5634361499908855,REVISED
lastfm,dir_15,2,0.6244202853529943,REVISED
lastfm,dir_15,3,0.6079742558206452,REVISED
lastfm,dir_15,4,0.6055976224123591,REVISED
lastfm,dir_15,5,0.603330392642373,REVISED
lastfm,dir_15,6,0.639951041809814,REVISED
lastfm,dir_15,7,0.6196362486094791,REVISED
lastfm,dir_15,8,0.5642666234109814,REVISED
lastfm,dir_15,9,0.5810580865283865,REVISED
lastfm,dir_16,0,0.6224858226078366,REVISED
lastfm,dir_16,1,0.5631731558208988,REVISED
lastfm,dir_16,2,0.6197691567858058,REVISED
lastfm,dir_16,3,0.6039052431618591,REVISED
lastfm,dir_16,4,0.60307160474665,REVISED
lastfm,dir_16,5,0.6098521896111655,REVISED
lastfm,dir_16,6,0.6371068432867959,REVISED
lastfm,dir_16,7,0.6174671585813036,REVISED
lastfm,dir_16,8,0.5739056657241985,REVISED
lastfm,dir_16,9,0.5815627086021182,REVISED
lastfm,dir_17,0,0.6180849666297452,REVISED
lastfm,dir_17,1,0.5626740711750308,REVISED
lastfm,dir_17,2,0.6163760400988396,REVISED
lastfm,dir_17,3,0.5993110379905735,REVISED
lastfm,dir_17,4,0.603071832418741,REVISED
lastfm,dir_17,5,0.6022683566061782,REVISED
lastfm,dir_17,6,0.6400223201692521,REVISED
lastfm,dir_17,7,0.6119566248969268,REVISED
lastfm,dir_17,8,0.5697608968423603,REVISED
lastfm,dir_17,9,0.5812250721775885,REVISED
lastfm,dir_18,0,0.6183894113047788,REVISED
lastfm,dir_18,1,0.5192087698366799,REVISED
lastfm,dir_18,2,0.5766294910507939,REVISED
lastfm,dir_18,3,0.6007530367880989,REVISED
lastfm,dir_18,4,0.6003113803136497,REVISED
lastfm,dir_18,5,0.6003832917707446,REVISED
lastfm,dir_18,6,0.6256638567709178,REVISED
lastfm,dir_18,7,0.543866984095523,REVISED
lastfm,dir_18,8,0.5208517892287042,REVISED
lastfm,dir_18,9,0.5048044646625158,REVISED
lastfm,dir_19,0,0.6007037411547707,REVISED
lastfm,dir_19,1,0.5440656916856821,REVISED
lastfm,dir_19,2,0.6115980416907982,REVISED
lastfm,dir_19,3,0.604346963236126,REVISED
lastfm,dir_19,4,0.596708424141336,REVISED
lastfm,dir_19,5,0.5810936973350458,REVISED
lastfm,dir_19,6,0.6214066188671816,REVISED
lastfm,dir_19,7,0.6015138307470029,REVISED
lastfm,dir_19,8,0.5569777886636138,REVISED
lastfm,dir_19,9,0.5027846048602355,REVISED
lastfm,gassip_adapted,0,0.6230178597306559,REVISED
lastfm,gassip_adapted,1,0.603522374503918,REVISED
lastfm,gassip_adapted,2,0.6065992774600409,REVISED
lastfm,gassip_adapted,3,0.6043954717688472,REVISED
lastfm,gassip_adapted,4,0.5758617827863398,REVISED
lastfm,gassip_adapted,5,0.601595037286,REVISED
lastfm,gassip_adapted,6,0.573733380453275,REVISED
lastfm,gassip_adapted,7,0.5948876300264724,REVISED
lastfm,gassip_adapted,8,0.6038155723105187,REVISED
lastfm,gassip_adapted,9,0.5947886839397789,REVISED
lastfm,grp_deletion_only,0,0.6190411513493166,REVISED
lastfm,grp_deletion_only,1,0.5486006624110188,REVISED
lastfm,grp_deletion_only,2,0.6114956865523224,REVISED
lastfm,grp_deletion_only,3,0.5927734273830919,REVISED
lastfm,grp_deletion_only,4,0.6035432115312407,REVISED
lastfm,grp_deletion_only,5,0.5844681532282945,REVISED
lastfm,grp_deletion_only,6,0.637638989109539,REVISED
lastfm,grp_deletion_only,7,0.6126094871490408,REVISED
lastfm,grp_deletion_only,8,0.5740860449461473,REVISED
lastfm,grp_deletion_only,9,0.5755751718568591,REVISED
lastfm,grp_proxies_only,0,0.605724999593348,REVISED
lastfm,grp_proxies_only,1,0.5510795204541479,REVISED
lastfm,grp_proxies_only,2,0.6189218319801776,REVISED
lastfm,grp_proxies_only,3,0.6081603784955183,REVISED
lastfm,grp_proxies_only,4,0.6054366155527199,REVISED
lastfm,grp_proxies_only,5,0.5763424122441652,REVISED
lastfm,grp_proxies_only,6,0.6333617358273979,REVISED
lastfm,grp_proxies_only,7,0.6078440496147015,REVISED
lastfm,grp_proxies_only,8,0.5620160862525841,REVISED
lastfm,grp_proxies_only,9,0.554202607128901,REVISED
lastfm,grp_task_plus_proxies,0,0.6159998121396415,REVISED
lastfm,grp_task_plus_proxies,1,0.5577319290618848,REVISED
lastfm,grp_task_plus_proxies,2,0.615580194722933,REVISED
lastfm,grp_task_plus_proxies,3,0.6034281992910542,REVISED
lastfm,grp_task_plus_proxies,4,0.6048159528888587,REVISED
lastfm,grp_task_plus_proxies,5,0.5928067704338418,REVISED
lastfm,grp_task_plus_proxies,6,0.5787760857461479,REVISED
lastfm,grp_task_plus_proxies,7,0.5967000859954276,REVISED
lastfm,grp_task_plus_proxies,8,0.5658500547810861,REVISED
lastfm,grp_task_plus_proxies,9,0.5503024706368089,REVISED
lastfm,loo_comm,0,0.6208747430239276,REVISED
lastfm,loo_comm,1,0.5540166335221179,REVISED
lastfm,loo_comm,2,0.6127829616269198,REVISED
lastfm,loo_comm,3,0.5987158368465365,REVISED
lastfm,loo_comm,4,0.6026914938768347,REVISED
lastfm,loo_comm,5,0.5976408677308382,REVISED
lastfm,loo_comm,6,0.638714321225685,REVISED
lastfm,loo_comm,7,0.614109777642986,REVISED
lastfm,loo_comm,8,0.5690285367427438,REVISED
lastfm,loo_comm,9,0.5769209616890488,REVISED
lastfm,loo_conn,0,0.6206940572253258,REVISED
lastfm,loo_conn,1,0.5572691567626353,REVISED
lastfm,loo_conn,2,0.6252875618009052,REVISED
lastfm,loo_conn,3,0.6054238045804226,REVISED
lastfm,loo_conn,4,0.6064765408826788,REVISED
lastfm,loo_conn,5,0.6026585295963784,REVISED
lastfm,loo_conn,6,0.6368801803761521,REVISED
lastfm,loo_conn,7,0.6195358459308513,REVISED
lastfm,loo_conn,8,0.5678967587192487,REVISED
lastfm,loo_conn,9,0.5624884791649299,REVISED
lastfm,loo_group,0,0.6239048090942988,REVISED
lastfm,loo_group,1,0.5548633370986438,REVISED
lastfm,loo_group,2,0.6160980553876977,REVISED
lastfm,loo_group,3,0.600924900538111,REVISED
lastfm,loo_group,4,0.6062597031387031,REVISED
lastfm,loo_group,5,0.6017419676139135,REVISED
lastfm,loo_group,6,0.6381293585278662,REVISED
lastfm,loo_group,7,0.6113667392143706,REVISED
lastfm,loo_group,8,0.5677383181766049,REVISED
lastfm,loo_group,9,0.577483409783866,REVISED
lastfm,loo_repr,0,0.6195427933195934,REVISED
lastfm,loo_repr,1,0.5527915732728577,REVISED
lastfm,loo_repr,2,0.6153576884370597,REVISED
lastfm,loo_repr,3,0.5947054977191679,REVISED
lastfm,loo_repr,4,0.6055526837249652,REVISED
lastfm,loo_repr,5,0.60040679358212,REVISED
lastfm,loo_repr,6,0.6370466007295565,REVISED
lastfm,loo_repr,7,0.6028056927722202,REVISED
lastfm,loo_repr,8,0.5612168090212658,REVISED
lastfm,loo_repr,9,0.5775004062661988,REVISED
lastfm,loo_spec,0,0.6203269165563274,REVISED
lastfm,loo_spec,1,0.5485952984834124,REVISED
lastfm,loo_spec,2,0.6056872805919802,REVISED
lastfm,loo_spec,3,0.5994368078247447,REVISED
lastfm,loo_spec,4,0.6054367305825419,REVISED
lastfm,loo_spec,5,0.5845030466433053,REVISED
lastfm,loo_spec,6,0.6340733472164588,REVISED
lastfm,loo_spec,7,0.6111407301265752,REVISED
lastfm,loo_spec,8,0.5610111174226442,REVISED
lastfm,loo_spec,9,0.5724222843656246,REVISED
lastfm,loo_task,0,0.6245269162201226,REVISED
lastfm,loo_task,1,0.5538444050590845,REVISED
lastfm,loo_task,2,0.6144506442591839,REVISED
lastfm,loo_task,3,0.6053574716506159,REVISED
lastfm,loo_task,4,0.6093254451547214,REVISED
lastfm,loo_task,5,0.6090805758840537,REVISED
lastfm,loo_task,6,0.6383395739770472,REVISED
lastfm,loo_task,7,0.6092362553282299,REVISED
lastfm,loo_task,8,0.5715683871816016,REVISED
lastfm,loo_task,9,0.5758650481550904,REVISED
lastfm,mog_adapted,0,0.5329610693029685,REVISED
lastfm,mog_adapted,1,0.5049376347729025,REVISED
lastfm,mog_adapted,2,0.5193267634562941,REVISED
lastfm,mog_adapted,3,0.5128452311821711,REVISED
lastfm,mog_adapted,4,0.5188574696796718,REVISED
lastfm,mog_adapted,5,0.4896637890378067,REVISED
lastfm,mog_adapted,6,0.5468113347691885,REVISED
lastfm,mog_adapted,7,0.5049660747236908,REVISED
lastfm,mog_adapted,8,0.4811768394545184,REVISED
lastfm,mog_adapted,9,0.5022736168269601,REVISED
lastfm,neuralsparse,0,0.4838989454841527,REVISED
lastfm,neuralsparse,1,0.5042818494292712,REVISED
lastfm,neuralsparse,2,0.48438068775460374,REVISED
lastfm,neuralsparse,3,0.5019017231504256,REVISED
lastfm,neuralsparse,4,0.4803079392414652,REVISED
lastfm,neuralsparse,5,0.4822558165374413,REVISED
lastfm,neuralsparse,6,0.49522940679408534,REVISED
lastfm,neuralsparse,7,0.4938462696944662,REVISED
lastfm,neuralsparse,8,0.47449063782267903,REVISED
lastfm,neuralsparse,9,0.47173270034812226,REVISED
lastfm,nk_local_degree,0,0.617589338594835,REVISED
lastfm,nk_local_degree,1,0.6007739628027007,REVISED
lastfm,nk_local_degree,2,0.5964945241972769,REVISED
lastfm,nk_local_degree,3,0.5949401036665767,REVISED
lastfm,nk_local_degree,4,0.5871458210502936,REVISED
lastfm,nk_local_degree,5,0.6165605700473151,REVISED
lastfm,nk_local_degree,6,0.6153021215633001,REVISED
lastfm,nk_local_degree,7,0.6049134744618329,REVISED
lastfm,nk_local_degree,8,0.5828207557285585,REVISED
lastfm,nk_local_degree,9,0.5715296463499612,REVISED
lastfm,nk_local_similarity,0,0.6242146027503211,REVISED
lastfm,nk_local_similarity,1,0.6226399987432067,REVISED
lastfm,nk_local_similarity,2,0.6406741864592908,REVISED
lastfm,nk_local_similarity,3,0.6119222998600423,REVISED
lastfm,nk_local_similarity,4,0.5975748212338463,REVISED
lastfm,nk_local_similarity,5,0.6143715391425549,REVISED
lastfm,nk_local_similarity,6,0.6413577460584108,REVISED
lastfm,nk_local_similarity,7,0.6289970929076354,REVISED
lastfm,nk_local_similarity,8,0.603525379334467,REVISED
lastfm,nk_local_similarity,9,0.6070733321713958,REVISED
lastfm,original_ilp,0,0.5993045814752993,REVISED
lastfm,original_ilp,1,0.5899571445906974,REVISED
lastfm,original_ilp,2,0.6128495260922935,REVISED
lastfm,original_ilp,3,0.5842445640272826,REVISED
lastfm,original_ilp,4,0.5866429018685373,REVISED
lastfm,original_ilp,5,0.5809794364847002,REVISED
lastfm,original_ilp,6,0.6224128586724751,REVISED
lastfm,original_ilp,7,0.6005282634245879,REVISED
lastfm,original_ilp,8,0.580695314522833,REVISED
lastfm,original_ilp,9,0.5802288772942118,REVISED
lastfm,psgnn_reimpl,0,0.45870465405101224,REVISED
lastfm,psgnn_reimpl,1,0.4624063748535854,REVISED
lastfm,psgnn_reimpl,2,0.4410238538436173,REVISED
lastfm,psgnn_reimpl,3,0.44411426212241567,REVISED
lastfm,psgnn_reimpl,4,0.449755347145209,REVISED
lastfm,psgnn_reimpl,5,0.4672214347299428,REVISED
lastfm,psgnn_reimpl,6,0.4756749133947109,REVISED
lastfm,psgnn_reimpl,7,0.4632193492761767,REVISED
lastfm,psgnn_reimpl,8,0.4464880535385284,REVISED
lastfm,psgnn_reimpl,9,0.4650137208627931,REVISED
lastfm,ptdnet,0,0.632616350555472,REVISED
lastfm,ptdnet,1,0.61441077790139,REVISED
lastfm,ptdnet,2,0.6302264424784829,REVISED
lastfm,ptdnet,3,0.6105450654506746,REVISED
lastfm,ptdnet,4,0.6006707635536885,REVISED
lastfm,ptdnet,5,0.6077716958107156,REVISED
lastfm,ptdnet,6,0.641444823748434,REVISED
lastfm,ptdnet,7,0.6144465398416266,REVISED
lastfm,ptdnet,8,0.600673753202259,REVISED
lastfm,ptdnet,9,0.6044434620245199,REVISED
lastfm,random,0,0.584366462655715,REVISED
lastfm,random,1,0.5745692039089245,REVISED
lastfm,random,2,0.5785065045071545,REVISED
lastfm,random,3,0.5827170147952622,REVISED
lastfm,random,4,0.5671710065634601,REVISED
lastfm,random,5,0.5753756156078104,REVISED
lastfm,random,6,0.5987097976193188,REVISED
lastfm,random,7,0.592154936786613,REVISED
lastfm,random,8,0.5526647198216615,REVISED
lastfm,random,9,0.5549934347889,REVISED
lastfm,resistance_proxy,0,0.4521841845731923,REVISED
lastfm,resistance_proxy,1,0.4631229335785264,REVISED
lastfm,resistance_proxy,2,0.4685467612465616,REVISED
lastfm,resistance_proxy,3,0.4633935797271198,REVISED
lastfm,resistance_proxy,4,0.4449512055783958,REVISED
lastfm,resistance_proxy,5,0.45842903825950865,REVISED
lastfm,resistance_proxy,6,0.47692488862846344,REVISED
lastfm,resistance_proxy,7,0.4574857673093979,REVISED
lastfm,resistance_proxy,8,0.44427150896486556,REVISED
lastfm,resistance_proxy,9,0.4556868462718003,REVISED
lastfm,task_only,0,0.6175955732051897,REVISED
lastfm,task_only,1,0.5508967090957283,REVISED
lastfm,task_only,2,0.6104189067945491,REVISED
lastfm,task_only,3,0.5867417279086803,REVISED
lastfm,task_only,4,0.4893583552795251,REVISED
lastfm,task_only,5,0.5896013369157338,REVISED
lastfm,task_only,6,0.5274244337193784,REVISED
lastfm,task_only,7,0.6071832233086321,REVISED
lastfm,task_only,8,0.4870312884093694,REVISED
lastfm,task_only,9,0.4682158579418229,REVISED
lastfm,w_balanced,0,0.6231849594411872,REVISED
lastfm,w_balanced,1,0.5670329240926412,REVISED
lastfm,w_balanced,2,0.6191637604461402,REVISED
lastfm,w_balanced,3,0.6052409868054694,REVISED
lastfm,w_balanced,4,0.6071725112312385,REVISED
lastfm,w_balanced,5,0.6111667519303607,REVISED
lastfm,w_balanced,6,0.6412028712852103,REVISED
lastfm,w_balanced,7,0.6133617287292588,REVISED
lastfm,w_balanced,8,0.5682726975219994,REVISED
lastfm,w_balanced,9,0.5806920256246799,REVISED
lastfm,w_reduced_proxy,0,0.6194686032332114,REVISED
lastfm,w_reduced_proxy,1,0.5515195746061412,REVISED
lastfm,w_reduced_proxy,2,0.6079079542158268,REVISED
lastfm,w_reduced_proxy,3,0.5973871360326948,REVISED
lastfm,w_reduced_proxy,4,0.6038026707141912,REVISED
lastfm,w_reduced_proxy,5,0.5909925352937592,REVISED
lastfm,w_reduced_proxy,6,0.6365060172936711,REVISED
lastfm,w_reduced_proxy,7,0.6118148470145903,REVISED
lastfm,w_reduced_proxy,8,0.5678489090820171,REVISED
lastfm,w_reduced_proxy,9,0.5736770443329705,REVISED
lastfm,w_structure_focused,0,0.6284275509309226,REVISED
lastfm,w_structure_focused,1,0.5551093807623999,REVISED
lastfm,w_structure_focused,2,0.6235333558997442,REVISED
lastfm,w_structure_focused,3,0.6077556386731239,REVISED
lastfm,w_structure_focused,4,0.6049497433055333,REVISED
lastfm,w_structure_focused,5,0.607043210418051,REVISED
lastfm,w_structure_focused,6,0.640332458487733,REVISED
lastfm,w_structure_focused,7,0.6137339653789862,REVISED
lastfm,w_structure_focused,8,0.561366816419053,REVISED
lastfm,w_structure_focused,9,0.5764592267589685,REVISED
lastfm,w_task_focused,0,0.619270510860281,REVISED
lastfm,w_task_focused,1,0.5608302422380973,REVISED
lastfm,w_task_focused,2,0.6151473582139112,REVISED
lastfm,w_task_focused,3,0.6004776566257415,REVISED
lastfm,w_task_focused,4,0.6061109071782299,REVISED
lastfm,w_task_focused,5,0.5935324228040029,REVISED
lastfm,w_task_focused,6,0.638651719034081,REVISED
lastfm,w_task_focused,7,0.5977999595035048,REVISED
lastfm,w_task_focused,8,0.5691468066071375,REVISED
lastfm,w_task_focused,9,0.574914377332959,REVISED
pubmed,cilp_full,0,0.683977068952492,REVISED
pubmed,cilp_full,1,0.682565927910038,REVISED
pubmed,cilp_full,2,0.678219049903522,REVISED
pubmed,cilp_full,3,0.6798925621873585,REVISED
pubmed,cilp_full,4,0.6803900576787363,REVISED
pubmed,cilp_full,5,0.6862073839441571,REVISED
pubmed,cilp_full,6,0.6799561613758467,REVISED
pubmed,cilp_full,7,0.6759560758009284,REVISED
pubmed,cilp_full,8,0.6800369158897972,REVISED
pubmed,cilp_full,9,0.6819833803733709,REVISED
pubmed,dir_00,0,0.6846960608311625,REVISED
pubmed,dir_00,1,0.6831880775575215,REVISED
pubmed,dir_00,2,0.6757886704704412,REVISED
pubmed,dir_00,3,0.6798278819754252,REVISED
pubmed,dir_00,4,0.6804218322543715,REVISED
pubmed,dir_00,5,0.6860335911488543,REVISED
pubmed,dir_00,6,0.6774947318453253,REVISED
pubmed,dir_00,7,0.675673276864794,REVISED
pubmed,dir_00,8,0.678109025803775,REVISED
pubmed,dir_00,9,0.6825213610709071,REVISED
pubmed,dir_01,0,0.6867764871815112,REVISED
pubmed,dir_01,1,0.6829134272961238,REVISED
pubmed,dir_01,2,0.6767009445749771,REVISED
pubmed,dir_01,3,0.6797625574301382,REVISED
pubmed,dir_01,4,0.6789214954759223,REVISED
pubmed,dir_01,5,0.6848257766907602,REVISED
pubmed,dir_01,6,0.6808051843008803,REVISED
pubmed,dir_01,7,0.6775424305700564,REVISED
pubmed,dir_01,8,0.6838536713460757,REVISED
pubmed,dir_01,9,0.6834850532438703,REVISED
pubmed,dir_02,0,0.6835707217470577,REVISED
pubmed,dir_02,1,0.6843013439182334,REVISED
pubmed,dir_02,2,0.6761376283930463,REVISED
pubmed,dir_02,3,0.6794692823410685,REVISED
pubmed,dir_02,4,0.6795902108423144,REVISED
pubmed,dir_02,5,0.6858239412635951,REVISED
pubmed,dir_02,6,0.6781466745608362,REVISED
pubmed,dir_02,7,0.6757829127957324,REVISED
pubmed,dir_02,8,0.6812893953354331,REVISED
pubmed,dir_02,9,0.6822302341216419,REVISED
pubmed,dir_03,0,0.6840289100492036,REVISED
pubmed,dir_03,1,0.6832211723078663,REVISED
pubmed,dir_03,2,0.6774456817766517,REVISED
pubmed,dir_03,3,0.6816212745227481,REVISED
pubmed,dir_03,4,0.6799018530746079,REVISED
pubmed,dir_03,5,0.6847646643798786,REVISED
pubmed,dir_03,6,0.6810823133898487,REVISED
pubmed,dir_03,7,0.6763616288276865,REVISED
pubmed,dir_03,8,0.6803032893294453,REVISED
pubmed,dir_03,9,0.6825071940252085,REVISED
pubmed,dir_04,0,0.6844342023523182,REVISED
pubmed,dir_04,1,0.6833201133857238,REVISED
pubmed,dir_04,2,0.6771460894106848,REVISED
pubmed,dir_04,3,0.6798188767093104,REVISED
pubmed,dir_04,4,0.6804516397320167,REVISED
pubmed,dir_04,5,0.6863358341839849,REVISED
pubmed,dir_04,6,0.6786671837659708,REVISED
pubmed,dir_04,7,0.676244406743275,REVISED
pubmed,dir_04,8,0.6781840251214458,REVISED
pubmed,dir_04,9,0.6825258939439196,REVISED
pubmed,dir_05,0,0.6860629634446801,REVISED
pubmed,dir_05,1,0.6812035647891406,REVISED
pubmed,dir_05,2,0.6765547442845395,REVISED
pubmed,dir_05,3,0.6799728001666414,REVISED
pubmed,dir_05,4,0.6801751632296619,REVISED
pubmed,dir_05,5,0.6848565636045336,REVISED
pubmed,dir_05,6,0.6786626726550293,REVISED
pubmed,dir_05,7,0.6772597671763514,REVISED
pubmed,dir_05,8,0.6783124725169218,REVISED
pubmed,dir_05,9,0.6824943194310631,REVISED
pubmed,dir_06,0,0.684342655592906,REVISED
pubmed,dir_06,1,0.6836386181031181,REVISED
pubmed,dir_06,2,0.6762731386446401,REVISED
pubmed,dir_06,3,0.6799645053351373,REVISED
pubmed,dir_06,4,0.6803732024454894,REVISED
pubmed,dir_06,5,0.6847852425759029,REVISED
pubmed,dir_06,6,0.6803526136119176,REVISED
pubmed,dir_06,7,0.6762502701742554,REVISED
pubmed,dir_06,8,0.6828079841401595,REVISED
pubmed,dir_06,9,0.6824899928140802,REVISED
pubmed,dir_07,0,0.6846959985019534,REVISED
pubmed,dir_07,1,0.6830090725297735,REVISED
pubmed,dir_07,2,0.6760925880564608,REVISED
pubmed,dir_07,3,0.6795405141628116,REVISED
pubmed,dir_07,4,0.6804900535178807,REVISED
pubmed,dir_07,5,0.6858985814058807,REVISED
pubmed,dir_07,6,0.6784997047900919,REVISED
pubmed,dir_07,7,0.6761590250508573,REVISED
pubmed,dir_07,8,0.6779871327458202,REVISED
pubmed,dir_07,9,0.6822487182532928,REVISED
pubmed,dir_08,0,0.6843150633658284,REVISED
pubmed,dir_08,1,0.6820466016593285,REVISED
pubmed,dir_08,2,0.6777462373730847,REVISED
pubmed,dir_08,3,0.6808929363940766,REVISED
pubmed,dir_08,4,0.6803416711649476,REVISED
pubmed,dir_08,5,0.6856896062113225,REVISED
pubmed,dir_08,6,0.6801061797727401,REVISED
pubmed,dir_08,7,0.6758624779690927,REVISED
pubmed,dir_08,8,0.6808684639413084,REVISED
pubmed,dir_08,9,0.682468517032453,REVISED
pubmed,dir_09,0,0.684691575719601,REVISED
pubmed,dir_09,1,0.68166231699759,REVISED
pubmed,dir_09,2,0.675442609534871,REVISED
pubmed,dir_09,3,0.6796099681524178,REVISED
pubmed,dir_09,4,0.6804367175502055,REVISED
pubmed,dir_09,5,0.6861421952036875,REVISED
pubmed,dir_09,6,0.6777619450068407,REVISED
pubmed,dir_09,7,0.6764438044934862,REVISED
pubmed,dir_09,8,0.6783303580377046,REVISED
pubmed,dir_09,9,0.6825562891475365,REVISED
pubmed,dir_10,0,0.6838050122989838,REVISED
pubmed,dir_10,1,0.6839847684766097,REVISED
pubmed,dir_10,2,0.6774162516606552,REVISED
pubmed,dir_10,3,0.6810225282736665,REVISED
pubmed,dir_10,4,0.6796244244191871,REVISED
pubmed,dir_10,5,0.6859464161122931,REVISED
pubmed,dir_10,6,0.6807247796049745,REVISED
pubmed,dir_10,7,0.675410708151341,REVISED
pubmed,dir_10,8,0.6813858409884571,REVISED
pubmed,dir_10,9,0.6824193655701386,REVISED
pubmed,dir_11,0,0.6847515174904095,REVISED
pubmed,dir_11,1,0.6826010640243743,REVISED
pubmed,dir_11,2,0.6762882022738373,REVISED
pubmed,dir_11,3,0.6799012137802789,REVISED
pubmed,dir_11,4,0.6804981375890052,REVISED
pubmed,dir_11,5,0.6860865043783853,REVISED
pubmed,dir_11,6,0.6792415494728412,REVISED
pubmed,dir_11,7,0.6766295691786466,REVISED
pubmed,dir_11,8,0.6784110674346503,REVISED
pubmed,dir_11,9,0.682051757819591,REVISED
pubmed,dir_12,0,0.684657737495926,REVISED
pubmed,dir_12,1,0.6812410522212307,REVISED
pubmed,dir_12,2,0.6754807819005522,REVISED
pubmed,dir_12,3,0.6794217708886091,REVISED
pubmed,dir_12,4,0.6802548909190631,REVISED
pubmed,dir_12,5,0.6855791860617344,REVISED
pubmed,dir_12,6,0.678455162285545,REVISED
pubmed,dir_12,7,0.6755149736029024,REVISED
pubmed,dir_12,8,0.6779816728113246,REVISED
pubmed,dir_12,9,0.6828003777141132,REVISED
pubmed,dir_13,0,0.6848372319466148,REVISED
pubmed,dir_13,1,0.6832157264858041,REVISED
pubmed,dir_13,2,0.6770274483869214,REVISED
pubmed,dir_13,3,0.6794960467420232,REVISED
pubmed,dir_13,4,0.6803401577237589,REVISED
pubmed,dir_13,5,0.6845451147058695,REVISED
pubmed,dir_13,6,0.6804535716202265,REVISED
pubmed,dir_13,7,0.6772683041997953,REVISED
pubmed,dir_13,8,0.6799466844708225,REVISED
pubmed,dir_13,9,0.6824787005597612,REVISED
pubmed,dir_14,0,0.6847627772339182,REVISED
pubmed,dir_14,1,0.6830193686503047,REVISED
pubmed,dir_14,2,0.676288999064989,REVISED
pubmed,dir_14,3,0.6794200275004909,REVISED
pubmed,dir_14,4,0.6795206318811388,REVISED
pubmed,dir_14,5,0.6850169502665816,REVISED
pubmed,dir_14,6,0.6800042986961615,REVISED
pubmed,dir_14,7,0.6762923064801465,REVISED
pubmed,dir_14,8,0.6820122288363679,REVISED
pubmed,dir_14,9,0.6825642780022533,REVISED
pubmed,dir_15,0,0.6844620352521875,REVISED
pubmed,dir_15,1,0.6820470144692311,REVISED
pubmed,dir_15,2,0.6751867337576277,REVISED
pubmed,dir_15,3,0.6797623943600678,REVISED
pubmed,dir_15,4,0.6806078558019055,REVISED
pubmed,dir_15,5,0.6863215684681387,REVISED
pubmed,dir_15,6,0.680488222626456,REVISED
pubmed,dir_15,7,0.6762252275164551,REVISED
pubmed,dir_15,8,0.6791580392222959,REVISED
pubmed,dir_15,9,0.6823010580571638,REVISED
pubmed,dir_16,0,0.6845127612259259,REVISED
pubmed,dir_16,1,0.6820338997888187,REVISED
pubmed,dir_16,2,0.6764663178441553,REVISED
pubmed,dir_16,3,0.6800113305289262,REVISED
pubmed,dir_16,4,0.6805919478417539,REVISED
pubmed,dir_16,5,0.6860520064630485,REVISED
pubmed,dir_16,6,0.6782089251390524,REVISED
pubmed,dir_16,7,0.6758855116940178,REVISED
pubmed,dir_16,8,0.6793228663982511,REVISED
pubmed,dir_16,9,0.6820349661405882,REVISED
pubmed,dir_17,0,0.6842412219605523,REVISED
pubmed,dir_17,1,0.6833536150275367,REVISED
pubmed,dir_17,2,0.6789473420491191,REVISED
pubmed,dir_17,3,0.681533489495528,REVISED
pubmed,dir_17,4,0.6803506384296287,REVISED
pubmed,dir_17,5,0.6860856504964536,REVISED
pubmed,dir_17,6,0.6796922321951602,REVISED
pubmed,dir_17,7,0.6760526260960442,REVISED
pubmed,dir_17,8,0.6829203426974615,REVISED
pubmed,dir_17,9,0.6820212806893851,REVISED
pubmed,dir_18,0,0.6839987135860065,REVISED
pubmed,dir_18,1,0.6838665813524492,REVISED
pubmed,dir_18,2,0.6781181989614823,REVISED
pubmed,dir_18,3,0.6821523890614758,REVISED
pubmed,dir_18,4,0.6800331419265028,REVISED
pubmed,dir_18,5,0.6842911382270714,REVISED
pubmed,dir_18,6,0.6798773830877545,REVISED
pubmed,dir_18,7,0.675634093812444,REVISED
pubmed,dir_18,8,0.6822593888595458,REVISED
pubmed,dir_18,9,0.6818708582705797,REVISED
pubmed,dir_19,0,0.6837912700901418,REVISED
pubmed,dir_19,1,0.6835622580664504,REVISED
pubmed,dir_19,2,0.6764065581947327,REVISED
pubmed,dir_19,3,0.680011369100998,REVISED
pubmed,dir_19,4,0.6799176734264782,REVISED
pubmed,dir_19,5,0.6854659324593373,REVISED
pubmed,dir_19,6,0.679871432824522,REVISED
pubmed,dir_19,7,0.6759466986408587,REVISED
pubmed,dir_19,8,0.6831032352018982,REVISED
pubmed,dir_19,9,0.6827428355762795,REVISED
pubmed,gassip_adapted,0,0.6862459326237067,REVISED
pubmed,gassip_adapted,1,0.6836222771253524,REVISED
pubmed,gassip_adapted,2,0.6785638768949447,REVISED
pubmed,gassip_adapted,3,0.6782479610159137,REVISED
pubmed,gassip_adapted,4,0.6841606162593827,REVISED
pubmed,gassip_adapted,5,0.6807205831491274,REVISED
pubmed,gassip_adapted,6,0.6790705001154489,REVISED
pubmed,gassip_adapted,7,0.676380127827294,REVISED
pubmed,gassip_adapted,8,0.6799383179506026,REVISED
pubmed,gassip_adapted,9,0.6870856787615606,REVISED
pubmed,grp_deletion_only,0,0.6837920598026652,REVISED
pubmed,grp_deletion_only,1,0.6830599380750755,REVISED
pubmed,grp_deletion_only,2,0.6775791994198004,REVISED
pubmed,grp_deletion_only,3,0.6805865257274386,REVISED
pubmed,grp_deletion_only,4,0.6804858588655331,REVISED
pubmed,grp_deletion_only,5,0.6862744910319164,REVISED
pubmed,grp_deletion_only,6,0.6784397156539096,REVISED
pubmed,grp_deletion_only,7,0.6757371158105165,REVISED
pubmed,grp_deletion_only,8,0.6817316460809317,REVISED
pubmed,grp_deletion_only,9,0.6818903470390427,REVISED
pubmed,grp_proxies_only,0,0.684826782947599,REVISED
pubmed,grp_proxies_only,1,0.6827835722059125,REVISED
pubmed,grp_proxies_only,2,0.6768351048661321,REVISED
pubmed,grp_proxies_only,3,0.679479757844851,REVISED
pubmed,grp_proxies_only,4,0.679518121542416,REVISED
pubmed,grp_proxies_only,5,0.6853409932896725,REVISED
pubmed,grp_proxies_only,6,0.6800381428200917,REVISED
pubmed,grp_proxies_only,7,0.6766083204821386,REVISED
pubmed,grp_proxies_only,8,0.6806402032272917,REVISED
pubmed,grp_proxies_only,9,0.6831600811319981,REVISED
pubmed,grp_task_plus_proxies,0,0.6838015868502506,REVISED
pubmed,grp_task_plus_proxies,1,0.6830358221951145,REVISED
pubmed,grp_task_plus_proxies,2,0.6774922795492169,REVISED
pubmed,grp_task_plus_proxies,3,0.6822177520714582,REVISED
pubmed,grp_task_plus_proxies,4,0.6798385797917743,REVISED
pubmed,grp_task_plus_proxies,5,0.6843955915569129,REVISED
pubmed,grp_task_plus_proxies,6,0.6806973653496147,REVISED
pubmed,grp_task_plus_proxies,7,0.6763564873613473,REVISED
pubmed,grp_task_plus_proxies,8,0.6837074081535669,REVISED
pubmed,grp_task_plus_proxies,9,0.6819527785874565,REVISED
pubmed,loo_comm,0,0.6845874528722976,REVISED
pubmed,loo_comm,1,0.6823767973693955,REVISED
pubmed,loo_comm,2,0.6779256563757721,REVISED
pubmed,loo_comm,3,0.6805155426027936,REVISED
pubmed,loo_comm,4,0.6803573934726774,REVISED
pubmed,loo_comm,5,0.6858782873313558,REVISED
pubmed,loo_comm,6,0.679022961399047,REVISED
pubmed,loo_comm,7,0.675874743262022,REVISED
pubmed,loo_comm,8,0.681535566725312,REVISED
pubmed,loo_comm,9,0.6818923720596695,REVISED
pubmed,loo_conn,0,0.6836298608795748,REVISED
pubmed,loo_conn,1,0.6813360708631961,REVISED
pubmed,loo_conn,2,0.6782344535895605,REVISED
pubmed,loo_conn,3,0.6818410373587636,REVISED
pubmed,loo_conn,4,0.6801048749640332,REVISED
pubmed,loo_conn,5,0.6849437440417205,REVISED
pubmed,loo_conn,6,0.6814105258536991,REVISED
pubmed,loo_conn,7,0.6766848898903628,REVISED
pubmed,loo_conn,8,0.6818518993362435,REVISED
pubmed,loo_conn,9,0.6822903126944261,REVISED
pubmed,loo_group,0,0.683977068952492,REVISED
pubmed,loo_group,1,0.6825874733900679,REVISED
pubmed,loo_group,2,0.678219049903522,REVISED
pubmed,loo_group,3,0.6798495197130745,REVISED
pubmed,loo_group,4,0.6803900576787363,REVISED
pubmed,loo_group,5,0.686329743477996,REVISED
pubmed,loo_group,6,0.6799556216095168,REVISED
pubmed,loo_group,7,0.6756344737326283,REVISED
pubmed,loo_group,8,0.6800369158897972,REVISED
pubmed,loo_group,9,0.6819833803733709,REVISED
pubmed,loo_repr,0,0.6838792883345592,REVISED
pubmed,loo_repr,1,0.6849959150716785,REVISED
pubmed,loo_repr,2,0.6781298508766784,REVISED
pubmed,loo_repr,3,0.6806098388976617,REVISED
pubmed,loo_repr,4,0.6802842398862492,REVISED
pubmed,loo_repr,5,0.6861822361042441,REVISED
pubmed,loo_repr,6,0.6800730229188685,REVISED
pubmed,loo_repr,7,0.6761772681649626,REVISED
pubmed,loo_repr,8,0.6817518650682753,REVISED
pubmed,loo_repr,9,0.6819845842066992,REVISED
pubmed,loo_spec,0,0.6840252459867187,REVISED
pubmed,loo_spec,1,0.6838101572241003,REVISED
pubmed,loo_spec,2,0.6773724955870011,REVISED
pubmed,loo_spec,3,0.6802742700187451,REVISED
pubmed,loo_spec,4,0.680363707520447,REVISED
pubmed,loo_spec,5,0.6865127663795023,REVISED
pubmed,loo_spec,6,0.6803347750704954,REVISED
pubmed,loo_spec,7,0.6763269458433694,REVISED
pubmed,loo_spec,8,0.6815850028929649,REVISED
pubmed,loo_spec,9,0.6822468124180909,REVISED
pubmed,loo_task,0,0.6842333722372264,REVISED
pubmed,loo_task,1,0.6833052776700955,REVISED
pubmed,loo_task,2,0.6759158268355697,REVISED
pubmed,loo_task,3,0.6792796861430231,REVISED
pubmed,loo_task,4,0.680792232130927,REVISED
pubmed,loo_task,5,0.6861931715051417,REVISED
pubmed,loo_task,6,0.6784648229929167,REVISED
pubmed,loo_task,7,0.6755367873343534,REVISED
pubmed,loo_task,8,0.6779550360281318,REVISED
pubmed,loo_task,9,0.6826629047705858,REVISED
pubmed,mog_adapted,0,0.6906790426227725,REVISED
pubmed,mog_adapted,1,0.6800309637282768,REVISED
pubmed,mog_adapted,2,0.6799888725174268,REVISED
pubmed,mog_adapted,3,0.6814392588270768,REVISED
pubmed,mog_adapted,4,0.6813103299714656,REVISED
pubmed,mog_adapted,5,0.6883877992628147,REVISED
pubmed,mog_adapted,6,0.6800551866509881,REVISED
pubmed,mog_adapted,7,0.6775206183484637,REVISED
pubmed,mog_adapted,8,0.6831767551450108,REVISED
pubmed,mog_adapted,9,0.6797494053308581,REVISED
pubmed,neuralsparse,0,0.687322826289124,REVISED
pubmed,neuralsparse,1,0.6858014480505574,REVISED
pubmed,neuralsparse,2,0.6790362101736747,REVISED
pubmed,neuralsparse,3,0.6802896708110244,REVISED
pubmed,neuralsparse,4,0.6845055460160299,REVISED
pubmed,neuralsparse,5,0.6862353043296401,REVISED
pubmed,neuralsparse,6,0.6810402405009128,REVISED
pubmed,neuralsparse,7,0.6794314551013283,REVISED
pubmed,neuralsparse,8,0.6805093931308598,REVISED
pubmed,neuralsparse,9,0.6833428435385787,REVISED
pubmed,nk_local_degree,0,0.6850182803824305,REVISED
pubmed,nk_local_degree,1,0.6790588954675125,REVISED
pubmed,nk_local_degree,2,0.6777698919784485,REVISED
pubmed,nk_local_degree,3,0.6779982563034763,REVISED
pubmed,nk_local_degree,4,0.6788897966457854,REVISED
pubmed,nk_local_degree,5,0.6759097233081447,REVISED
pubmed,nk_local_degree,6,0.6783694000358562,REVISED
pubmed,nk_local_degree,7,0.6741755756871772,REVISED
pubmed,nk_local_degree,8,0.6756872842037052,REVISED
pubmed,nk_local_degree,9,0.6784108459379832,REVISED
pubmed,nk_local_similarity,0,0.6862640933261354,REVISED
pubmed,nk_local_similarity,1,0.6781149594082272,REVISED
pubmed,nk_local_similarity,2,0.6795898393484888,REVISED
pubmed,nk_local_similarity,3,0.6787931518952041,REVISED
pubmed,nk_local_similarity,4,0.6789539863686058,REVISED
pubmed,nk_local_similarity,5,0.6773433403415835,REVISED
pubmed,nk_local_similarity,6,0.6780174045881946,REVISED
pubmed,nk_local_similarity,7,0.6762749172022112,REVISED
pubmed,nk_local_similarity,8,0.6775788242059682,REVISED
pubmed,nk_local_similarity,9,0.6811828993236537,REVISED
pubmed,original_ilp,0,0.6846299485426484,REVISED
pubmed,original_ilp,1,0.6812330602519691,REVISED
pubmed,original_ilp,2,0.6800803294176203,REVISED
pubmed,original_ilp,3,0.6814812072309726,REVISED
pubmed,original_ilp,4,0.6804136144721216,REVISED
pubmed,original_ilp,5,0.6794827567837195,REVISED
pubmed,original_ilp,6,0.678251209134567,REVISED
pubmed,original_ilp,7,0.6787156449335601,REVISED
pubmed,original_ilp,8,0.6796771600875149,REVISED
pubmed,original_ilp,9,0.6822456327183384,REVISED
pubmed,psgnn_reimpl,0,0.6900854725739489,REVISED
pubmed,psgnn_reimpl,1,0.6882979343410432,REVISED
pubmed,psgnn_reimpl,2,0.6844771974625894,REVISED
pubmed,psgnn_reimpl,3,0.6840297210730288,REVISED
pubmed,psgnn_reimpl,4,0.6871216597207668,REVISED
pubmed,psgnn_reimpl,5,0.6896608768952097,REVISED
pubmed,psgnn_reimpl,6,0.6846797939754974,REVISED
pubmed,psgnn_reimpl,7,0.6850650530323208,REVISED
pubmed,psgnn_reimpl,8,0.683643113513542,REVISED
pubmed,psgnn_reimpl,9,0.6915833971232538,REVISED
pubmed,ptdnet,0,0.682410736872305,REVISED
pubmed,ptdnet,1,0.6785716551174503,REVISED
pubmed,ptdnet,2,0.6798165728409473,REVISED
pubmed,ptdnet,3,0.6794932482103593,REVISED
pubmed,ptdnet,4,0.6782737722537142,REVISED
pubmed,ptdnet,5,0.6777199967984568,REVISED
pubmed,ptdnet,6,0.6739365978558537,REVISED
pubmed,ptdnet,7,0.6765471467460826,REVISED
pubmed,ptdnet,8,0.6794392949225124,REVISED
pubmed,ptdnet,9,0.679276486951043,REVISED
pubmed,random,0,0.6866929812011672,REVISED
pubmed,random,1,0.6811465207918397,REVISED
pubmed,random,2,0.679901652724127,REVISED
pubmed,random,3,0.677071959515047,REVISED
pubmed,random,4,0.6804628622904816,REVISED
pubmed,random,5,0.6809672872040909,REVISED
pubmed,random,6,0.6805348695579512,REVISED
pubmed,random,7,0.6790059467200473,REVISED
pubmed,random,8,0.6788181841063944,REVISED
pubmed,random,9,0.6816564807415513,REVISED
pubmed,resistance_proxy,0,0.6882079651910238,REVISED
pubmed,resistance_proxy,1,0.6845420685806693,REVISED
pubmed,resistance_proxy,2,0.6799963621077124,REVISED
pubmed,resistance_proxy,3,0.6805545092700889,REVISED
pubmed,resistance_proxy,4,0.6836056021746959,REVISED
pubmed,resistance_proxy,5,0.6883681078703066,REVISED
pubmed,resistance_proxy,6,0.6799291716834102,REVISED
pubmed,resistance_proxy,7,0.6809232568772163,REVISED
pubmed,resistance_proxy,8,0.6842097307151382,REVISED
pubmed,resistance_proxy,9,0.6858937230243318,REVISED
pubmed,task_only,0,0.6842986872548384,REVISED
pubmed,task_only,1,0.6837073374918547,REVISED
pubmed,task_only,2,0.6789224693478425,REVISED
pubmed,task_only,3,0.6812978545143308,REVISED
pubmed,task_only,4,0.6794834363881055,REVISED
pubmed,task_only,5,0.6849517091408227,REVISED
pubmed,task_only,6,0.6798893060507023,REVISED
pubmed,task_only,7,0.6755682251872925,REVISED
pubmed,task_only,8,0.6827037838313468,REVISED
pubmed,task_only,9,0.6826344551881527,REVISED
pubmed,w_balanced,0,0.6845722385040872,REVISED
pubmed,w_balanced,1,0.6820499091200276,REVISED
pubmed,w_balanced,2,0.6763543546551026,REVISED
pubmed,w_balanced,3,0.680325341414446,REVISED
pubmed,w_balanced,4,0.6803556906795518,REVISED
pubmed,w_balanced,5,0.6859405318479941,REVISED
pubmed,w_balanced,6,0.680507146442408,REVISED
pubmed,w_balanced,7,0.6756024131395999,REVISED
pubmed,w_balanced,8,0.6807545964478469,REVISED
pubmed,w_balanced,9,0.6822446240621369,REVISED
pubmed,w_reduced_proxy,0,0.6839241983183155,REVISED
pubmed,w_reduced_proxy,1,0.6829883651732713,REVISED
pubmed,w_reduced_proxy,2,0.6779955988415249,REVISED
pubmed,w_reduced_proxy,3,0.6800735324114886,REVISED
pubmed,w_reduced_proxy,4,0.6805625076996242,REVISED
pubmed,w_reduced_proxy,5,0.6863840361652693,REVISED
pubmed,w_reduced_proxy,6,0.6794832615726449,REVISED
pubmed,w_reduced_proxy,7,0.6757216342116996,REVISED
pubmed,w_reduced_proxy,8,0.6806472096783026,REVISED
pubmed,w_reduced_proxy,9,0.6816376913981791,REVISED
pubmed,w_structure_focused,0,0.6845068885625145,REVISED
pubmed,w_structure_focused,1,0.6827704075458639,REVISED
pubmed,w_structure_focused,2,0.6760678688035956,REVISED
pubmed,w_structure_focused,3,0.679579378723455,REVISED
pubmed,w_structure_focused,4,0.6804514874697445,REVISED
pubmed,w_structure_focused,5,0.68632826851196,REVISED
pubmed,w_structure_focused,6,0.6788751472001933,REVISED
pubmed,w_structure_focused,7,0.6755504542872226,REVISED
pubmed,w_structure_focused,8,0.6791471465989147,REVISED
pubmed,w_structure_focused,9,0.6822567326782749,REVISED
pubmed,w_task_focused,0,0.6836067670683936,REVISED
pubmed,w_task_focused,1,0.6839991602401352,REVISED
pubmed,w_task_focused,2,0.6784676989329284,REVISED
pubmed,w_task_focused,3,0.6816583870019324,REVISED
pubmed,w_task_focused,4,0.6799195183086373,REVISED
pubmed,w_task_focused,5,0.6855999686927301,REVISED
pubmed,w_task_focused,6,0.6805341240725986,REVISED
pubmed,w_task_focused,7,0.6756032708162235,REVISED
pubmed,w_task_focused,8,0.6819295551185557,REVISED
pubmed,w_task_focused,9,0.6816323934213252,REVISED
