protocol,dataset,comparison,n,mean_diff,ci_low,ci_high,d_z,wins,ties,losses,p_raw,p_holm
REVISED,lastfm,CILP - Task-only: conductance_ratio@0.5,10,-0.17792875583081003,-0.5065074393299439,0.15064992766832386,-0.38737316402273114,2,0,8,0.083984375,0.50390625
REVISED,lastfm,CILP - Task-only: nmi_leiden@0.5,10,0.0481479869326452,-0.038160108235311144,0.13445608210060156,0.39907027138853784,7,0,3,0.16015625,0.80078125
REVISED,lastfm,CILP - Task-only: ari_leiden@0.5,10,0.0790134773922193,-0.10527961489916125,0.26330656968359983,0.3067007884881056,7,0,3,0.232421875,0.9296875
REVISED,lastfm,CILP - Task-only: modularity_retention@0.5,10,0.013956322450374804,-0.006290283072224484,0.03420292797297409,0.4931074315609028,7,0,3,0.232421875,0.9296875
REVISED,lastfm,CILP - ILP-GCN: conductance_ratio@0.5,10,-0.31471324754565844,-0.4018402434041884,-0.22758625168712848,-2.5839556709077516,1,0,9,0.00390625,0.02734375
REVISED,lastfm,CILP - ILP-GCN: nmi_leiden@0.5,10,0.02160317084517597,-0.04039165337239642,0.08359799506274836,0.249278510752873,6,0,4,0.625,1.0
REVISED,lastfm,CILP - ILP-GCN: ari_leiden@0.5,10,0.025574587808551225,-0.08705007648454931,0.13819925210165176,0.162441842748055,7,0,3,0.6953125,1.0
REVISED,lastfm,CILP - ILP-GCN: modularity_retention@0.5,10,0.02148611993917675,0.01328702396219047,0.029685215916163035,1.8746267057399975,10,0,0,0.001953125,0.015625
REVISED,facebook,CILP - Task-only: conductance_ratio@0.5,10,-0.06352701892400363,-0.1922231732156376,0.06516913536763032,-0.3531146051276539,3,0,7,0.322265625,0.580078125
REVISED,facebook,CILP - Task-only: nmi_leiden@0.5,10,0.04223992616267823,-0.023836564522541223,0.10831641684789768,0.4572976345377939,7,0,3,0.193359375,0.580078125
REVISED,facebook,CILP - Task-only: ari_leiden@0.5,10,0.05766506843307111,-0.043446794142181,0.1587769310083232,0.4079749288288173,8,0,2,0.232421875,0.580078125
REVISED,facebook,CILP - Task-only: modularity_retention@0.5,10,0.021266114653895385,-0.008012854049602166,0.05054508335739294,0.5195832590710966,7,0,3,0.130859375,0.5234375
REVISED,facebook,CILP - ILP-GCN: conductance_ratio@0.5,10,-0.14915639233161623,-0.21364074815352682,-0.08467203650970564,-1.6546657552322672,1,0,9,0.00390625,0.03125
REVISED,facebook,CILP - ILP-GCN: nmi_leiden@0.5,10,0.04081991028543044,0.007698569226525863,0.07394125134433502,0.8816311112697708,9,0,1,0.037109375,0.22265625
REVISED,facebook,CILP - ILP-GCN: ari_leiden@0.5,10,0.09869909060706936,0.059109941705325714,0.138288239508813,1.7834451621016347,9,0,1,0.00390625,0.03125
REVISED,facebook,CILP - ILP-GCN: modularity_retention@0.5,10,0.009180466679898126,0.00056305505437723,0.01779787830541902,0.7620977765773138,8,0,2,0.048828125,0.244140625
REVISED,github,CILP - Task-only: conductance_ratio@0.5,10,-0.1223544505693595,-0.26876479376924645,0.024055892630527445,-0.5978204768887385,1,0,9,0.064453125,0.2578125
REVISED,github,CILP - Task-only: nmi_leiden@0.5,10,0.0030497393347494626,-0.03608040166531408,0.042179880334813,0.05575374989253862,7,0,3,0.625,1.0
REVISED,github,CILP - Task-only: ari_leiden@0.5,10,0.0009553347898327957,-0.10244487919668487,0.10435554877635046,0.006609322293345724,6,0,4,0.845703125,1.0
REVISED,github,CILP - Task-only: modularity_retention@0.5,10,0.11097646275447111,-0.021373413483419243,0.24332633899236145,0.5998326654335081,8,0,2,0.10546875,0.31640625
REVISED,github,CILP - ILP-GCN: conductance_ratio@0.5,10,0.13116462826310576,0.04665394242729372,0.21567531409891783,1.1102681480031857,10,0,0,0.001953125,0.015625
REVISED,github,CILP - ILP-GCN: nmi_leiden@0.5,10,-0.039888804951908316,-0.07869752809347286,-0.0010800818103437748,-0.7352659346683971,2,0,8,0.048828125,0.244140625
REVISED,github,CILP - ILP-GCN: ari_leiden@0.5,10,-0.08922199882934109,-0.17434217387565143,-0.004101823783030756,-0.7498289682079237,3,0,7,0.037109375,0.22265625
REVISED,github,CILP - ILP-GCN: modularity_retention@0.5,10,-0.1275491263232919,-0.2056319769423641,-0.049466275704219714,-1.168542742032773,0,0,10,0.001953125,0.015625
REVISED,pubmed,CILP - Task-only: conductance_ratio@0.5,10,-0.18542175820022883,-0.3527804061589643,-0.018063110241493374,-0.7925657673915879,0,0,10,0.001953125,0.015625
REVISED,pubmed,CILP - Task-only: nmi_leiden@0.5,10,0.0022154673158981454,-0.005974793088107456,0.010405727719903746,0.19350420697785,5,0,5,0.76953125,1.0
REVISED,pubmed,CILP - Task-only: ari_leiden@0.5,10,0.013210009283072513,-0.023371440766398036,0.04979145933254306,0.25832413302470414,4,0,6,0.6953125,1.0
REVISED,pubmed,CILP - Task-only: modularity_retention@0.5,10,0.0337701676584062,0.010939732890809448,0.056600602426002955,1.058136776488901,10,0,0,0.001953125,0.015625
REVISED,pubmed,CILP - ILP-GCN: conductance_ratio@0.5,10,0.24738495573370506,0.029607616988971658,0.4651622944784385,0.8126122650858474,8,0,2,0.02734375,0.1640625
REVISED,pubmed,CILP - ILP-GCN: nmi_leiden@0.5,10,0.0006118209384052608,-0.011907625022269117,0.013131266899079638,0.03495924139864208,4,0,6,1.0,1.0
REVISED,pubmed,CILP - ILP-GCN: ari_leiden@0.5,10,0.012993631706943815,-0.03165744906960237,0.05764471248349,0.20817153837659705,5,0,5,0.556640625,1.0
REVISED,pubmed,CILP - ILP-GCN: modularity_retention@0.5,10,-0.0509154555344908,-0.10307474429681068,0.0012438332278290887,-0.6982979178284382,4,0,6,0.130859375,0.654296875
