dataset,method,teacher_n,auc_mean,auc_sd,seeds,protocol
facebook,cilp_full,20.0,0.7411877521865355,0.009081291937112757,10,REVISED
facebook,cilp_full,40.0,0.7426892540187797,0.009723952906274425,10,REVISED
facebook,cilp_full,80.0,0.741699444127033,0.009882091655282846,10,REVISED
facebook,cilp_full,120.0,0.738856547619827,0.0142914512700405,10,REVISED
facebook,cilp_full,240.0,0.7379692202205523,0.013029902435332637,10,REVISED
facebook,task_only,20.0,0.7389382176962415,0.009292507924604905,10,REVISED
facebook,task_only,40.0,0.737063798164027,0.014480202218352636,10,REVISED
facebook,task_only,80.0,0.7317197772088628,0.015528671470712282,10,REVISED
facebook,task_only,120.0,0.7274918566503104,0.020765019407492355,10,REVISED
facebook,task_only,240.0,0.7294136123847027,0.017443125569816118,10,REVISED
github,cilp_full,20.0,0.6492512104508559,0.0039893826732136034,10,REVISED
github,cilp_full,40.0,0.6485747242767254,0.004570887385297849,10,REVISED
github,cilp_full,80.0,0.6471624853562583,0.004619275103426564,10,REVISED
github,cilp_full,120.0,0.6489486517562383,0.0038884801434968573,10,REVISED
github,cilp_full,240.0,0.6484694145119381,0.0033654217136196165,10,REVISED
github,task_only,20.0,0.6466181874136724,0.005066240075613799,10,REVISED
github,task_only,40.0,0.6453214458591303,0.005007885264910353,10,REVISED
github,task_only,80.0,0.6454699323772006,0.004579149899929183,10,REVISED
github,task_only,120.0,0.6454980710347427,0.005034656203382463,10,REVISED
github,task_only,240.0,0.6452610594964143,0.005226148828441307,10,REVISED
lastfm,cilp_full,20.0,0.5962722634553371,0.030655484901400926,10,REVISED
lastfm,cilp_full,40.0,0.6000130202660291,0.025901656707487036,10,REVISED
lastfm,cilp_full,80.0,0.5944761573823503,0.028037498838299264,10,REVISED
lastfm,cilp_full,120.0,0.5763855430092436,0.03142494251709711,10,REVISED
lastfm,cilp_full,240.0,0.5783982952402505,0.036172526433521424,10,REVISED
lastfm,task_only,20.0,0.5427880795124745,0.062281372502498246,10,REVISED
lastfm,task_only,40.0,0.5535649024358403,0.04126619754891019,10,REVISED
lastfm,task_only,80.0,0.5534467412578609,0.05689221869413105,10,REVISED
lastfm,task_only,120.0,0.5431804025838535,0.04783256015329891,10,REVISED
lastfm,task_only,240.0,0.5416067139367713,0.060306360105796396,10,REVISED
pubmed,cilp_full,20.0,0.6809184584016247,0.0029082812207572896,10,REVISED
pubmed,cilp_full,40.0,0.6800557174929172,0.002558631717518055,10,REVISED
pubmed,cilp_full,80.0,0.679565471031367,0.003120538589340716,10,REVISED
pubmed,cilp_full,120.0,0.6797629112898504,0.0029319060718095186,10,REVISED
pubmed,cilp_full,240.0,0.67927043151524,0.0027050027725148305,10,REVISED
pubmed,task_only,20.0,0.681345726439529,0.002899208880713951,10,REVISED
pubmed,task_only,40.0,0.6815206020401632,0.003703408274117825,10,REVISED
pubmed,task_only,80.0,0.6809375911679993,0.00414141088612356,10,REVISED
pubmed,task_only,120.0,0.6812248713478484,0.003386491343293999,10,REVISED
pubmed,task_only,240.0,0.6806184884098891,0.0034506514753829248,10,REVISED
