dataset,teacher,n,seeds,val_macro_f1_r0.5_mean,val_macro_f1_r0.5_sd,holdout_surrogate_spearman_mean,holdout_surrogate_spearman_sd,holdout_surrogate_kendall_mean,holdout_surrogate_kendall_sd,holdout_scorer_spearman_mean,holdout_scorer_spearman_sd,holdout_scorer_kendall_mean,holdout_scorer_kendall_sd,insample_spearman_mean,insample_spearman_sd
lastfm,cilp_full,20,10,0.7705795887785454,0.059704904619966505,0.7862670584519682,0.05209533988866688,0.6280716056166231,0.05398975945864584,0.5953623142167499,0.3739779133836237,0.461399818798252,0.3046026660105555,0.7938345864661653,0.1081416896195096
lastfm,cilp_full,40,10,0.778144885048277,0.03468651342270806,0.8070690305152235,0.029640717344608054,0.6524042012294997,0.027629952621018944,0.516764569114228,0.33961397832296686,0.38901507537688435,0.2776468572790136,0.7967287678455179,0.10634797607975188
lastfm,cilp_full,80,10,0.7759734896836517,0.02767801025695632,0.8269289570465499,0.02098794786759999,0.6789622145715677,0.022899594001624064,0.5256836696303635,0.3249479791107796,0.38863961988668694,0.26322558574399907,0.8118631268256842,0.07522141115569289
lastfm,cilp_full,120,10,0.7597275443868033,0.04924366441085738,0.8331319847015207,0.021558450115814844,0.6871896205849091,0.025239080906178945,0.2976501857765982,0.43957114346993914,0.221321309425376,0.33964922408488424,0.821890253496032,0.07082137406000724
lastfm,cilp_full,240,10,0.7567612168502864,0.061621443861117224,0.838232106681183,0.02116105416253096,0.6964948906861046,0.02287629016463872,0.5302035550888773,0.3635497410300342,0.4105226130653266,0.29876003719696237,0.8442506114100226,0.03945387343608945
lastfm,task_only,20,10,0.7007027948185061,0.0967666911841105,0.03319661262393113,0.11469750937454036,0.02279621423925678,0.07992429659393112,0.07117849836019718,0.12281656116599433,0.04632164405297136,0.08423783385803028,0.403751954073113,0.22516115456933283
lastfm,task_only,40,10,0.7087800618429659,0.0636652876115398,0.030147307575021674,0.11503124162099213,0.01976888553036193,0.08116024692991039,0.0466111106661994,0.09573467831582883,0.034662732113439676,0.0666177103346961,0.3030866009479534,0.2552359424812952
lastfm,task_only,80,10,0.7155927723412276,0.07176337818611614,0.09705778949726977,0.12109105445575316,0.06550731798301325,0.08266102492076932,0.009751792418897736,0.11995038126442133,0.006640367282719842,0.08082442344549107,0.30135768232243176,0.11636937940277556
lastfm,task_only,120,10,0.7034097129111163,0.08923840596692643,0.10476887936460613,0.09969298054183154,0.06935730113415163,0.06775233274091876,-0.029533156241420368,0.12072715352123797,-0.018738331374481193,0.0824752202568792,0.15544262057738573,0.11392878545177249
lastfm,task_only,240,10,0.6976340249811929,0.10382443147190115,0.08592235285491451,0.11016654264195566,0.056561419851391626,0.07563146957544034,0.042579229904039666,0.13807232349167714,0.028207394379310514,0.09485884107176955,0.09332490460024875,0.09498779533463471
facebook,cilp_full,20,10,0.9302059352372452,0.011296927422363804,0.6187522950416887,0.05603820488821022,0.5015001885904533,0.048469842767857846,0.36302357211461883,0.2712057916664235,0.25529735818052807,0.24366788638534417,0.6754937739767631,0.20249522673629247
facebook,cilp_full,40,10,0.932419353546589,0.013484078996428091,0.6173653119407102,0.05977746046382969,0.4998667903513585,0.05143778719151773,0.5124141094211846,0.16897696056471725,0.40303535591079986,0.13060277710838675,0.6267742051656178,0.18635753283641496
facebook,cilp_full,80,10,0.9285169091676526,0.016091152239363693,0.6215814350137421,0.05908819717548881,0.5055002552764599,0.0519495819505046,0.35594352056060385,0.3689196619486938,0.2625012472061684,0.31252896036572364,0.6119983988466229,0.11404523263137123
facebook,cilp_full,120,10,0.9276098598793776,0.01977231551773551,0.6179094558918774,0.05765038088317265,0.5013064818702415,0.05198909329994353,0.48106734411028895,0.20211175427032543,0.38588792253287546,0.14937990506619642,0.6474014795829361,0.07000846292777596
facebook,cilp_full,240,10,0.9239590816036063,0.019209763776771745,0.625807771272098,0.05826130478287332,0.5094266586150993,0.04835716981920027,0.2296055051729637,0.44156442051274786,0.17575966872820334,0.35352134909316163,0.6668987986017839,0.042177459982799315
facebook,task_only,20,10,0.9266047284729808,0.014508086053928372,0.010770577797449419,0.06894869675773199,0.007248682971601453,0.04797079317610634,-0.023946033543443553,0.075009067722782,-0.016466285928375506,0.053368786618563854,0.23929137739676581,0.18016665249859568
facebook,task_only,40,10,0.9235850369381888,0.018788065213057786,0.028018500998839506,0.06983005758920083,0.019142675463305496,0.05230884615856605,-0.0033115446529912314,0.07865260535688826,-0.0006856129156240645,0.053410257921386976,0.07437373756000995,0.2444624535110161
facebook,task_only,80,10,0.9157586633768577,0.02088245932894935,0.028169517356026203,0.06717613623872239,0.02013563041039,0.04566613260922593,0.052376662880525185,0.09000106309592458,0.03688532052479286,0.06273582837533778,0.1533033346001356,0.13957771155717247
facebook,task_only,120,10,0.9134582218526817,0.02557294886220249,0.01698695067866742,0.0666084463011099,0.010505095283573485,0.04441598694301195,0.01323709109143972,0.08298012655881755,0.00936555488787565,0.05716441988564811,0.1561089761315097,0.09497044111075352
facebook,task_only,240,10,0.9122031112713682,0.026556320082191394,0.009410863758660917,0.06950795719112546,0.006514169783589383,0.04857255152030153,0.020540351331221313,0.081108599245476,0.014914029789158062,0.05512774991546291,0.047250698940780565,0.074483213112244
github,cilp_full,20,10,0.8117864616834425,0.004726944710982723,0.2509406706622273,0.220970254868936,0.21017672930699086,0.1827988498109212,0.20790647551695782,0.2770732105376613,0.1530049705794952,0.2217347981308917,0.25540166215645754,0.22970295351410192
github,cilp_full,40,10,0.8108557058335799,0.003777630066519441,0.24869282750525876,0.23643281959784548,0.20873131309784906,0.18958496801613098,0.1919655581640788,0.2826988742695598,0.14784176892919032,0.21522449967867832,0.26326641492885045,0.19869080078587817
github,cilp_full,80,10,0.8108967385336344,0.00403746721067985,0.33269666346927684,0.04918391709117226,0.27658450654916256,0.03201098639211844,0.08143702166782724,0.33109166136651824,0.070340968381993,0.25854307742918653,0.36648779158027833,0.11778082518934911
github,cilp_full,120,10,0.8120034480903964,0.004146933717543201,0.3328231501845464,0.047201563062949224,0.27646308254795054,0.030519751034938508,0.25968064033178406,0.30788531517782375,0.20332657079131602,0.24510176240614862,0.37840294085602333,0.14266053262629094
github,cilp_full,240,10,0.8110980610233106,0.0071022561812134465,0.3243558933340819,0.0540569415142158,0.27285868723927786,0.033624208060931776,0.17130863760587767,0.21079986186071809,0.13360323161847407,0.1734559807454865,0.4134642984520422,0.11579376525494083
github,task_only,20,10,0.8101129394766149,0.0073917595974888435,0.003622067898985365,0.15360350064225975,0.006520637935204359,0.12439536815633691,0.00840926752642573,0.130014682870563,0.009161416792428045,0.09945353081312101,0.1217094932615729,0.11946650870496245
github,task_only,40,10,0.8072515915312255,0.004271053916799202,6.438700283813437e-05,0.1597500384125291,0.000901146801227684,0.1266745815866649,-0.022235155342420605,0.12920433161215394,-0.01375591263536691,0.09601934749224575,0.034247283873929196,0.18546371967402575
github,task_only,80,10,0.8088340522230524,0.005481106609160919,-0.0023223493574305227,0.13580586630826355,-0.0011344544316659155,0.10792098503647965,-0.023958808784788063,0.11430733970662005,-0.018724824784434758,0.08309175089954067,0.09321987031948704,0.15554625700415015
github,task_only,120,10,0.8088233343784706,0.006350548597602021,-0.027260867261250033,0.13541786737587405,-0.02272890565529616,0.10726999091390824,-0.043310997359805606,0.1017338756323518,-0.03712022644749541,0.07708632611999397,0.07843605590108937,0.1502473461047219
github,task_only,240,10,0.8074790552767842,0.0056604317837668765,-0.03613004082455322,0.15640165310551482,-0.029809380340098342,0.1185847679726276,-0.02229753539851923,0.13138069816154627,-0.016615458328198014,0.09840940261533145,-0.004855705695730165,0.10863395030713373
pubmed,cilp_full,20,10,0.8536048905561392,0.0071366053935265576,0.6464896151823013,0.07668167897391316,0.4920389692933743,0.06692113118027593,0.24057311088740146,0.41466368135445875,0.17985525886906562,0.29364375588007263,0.8207518796992481,0.12150152607193379
pubmed,cilp_full,40,10,0.8523937600270953,0.004311003811065573,0.7045206975755447,0.10601924376629446,0.550138874614884,0.09936533849299922,0.38285607140178507,0.2864864159179782,0.27245226130653266,0.20679077609761137,0.7868855534709194,0.08603444022820053
pubmed,cilp_full,80,10,0.850371300334019,0.004420304191916205,0.7587188326734078,0.056414552958996195,0.5998415789739313,0.04410489437368762,0.5805959163155802,0.16904432238458766,0.42838829794789773,0.1365864126926622,0.7705202814795674,0.06607096613917765
pubmed,cilp_full,120,10,0.8521457037080701,0.005090021410478426,0.7599608899607923,0.05967774032640768,0.6024962525937139,0.05034577770398314,0.48570544717625436,0.23793635909481517,0.35751019388219496,0.18059512348476342,0.7596037545225789,0.04966793436512291
pubmed,cilp_full,240,10,0.8520709412429219,0.003910365878714577,0.7721633727749049,0.05538578503649782,0.6186357728226713,0.04171895703157696,0.46002910072751824,0.2108732521652088,0.3275979899497487,0.15603392750940445,0.7863317842443128,0.031796658655705204
pubmed,task_only,20,10,0.8555016387693561,0.005556116364427979,0.0013018549782517375,0.11320134198528743,0.0007308091054778629,0.07756418268485836,0.01587141206005622,0.11466209962841652,0.008104799120515267,0.07654509970154047,0.5000743372306358,0.13457687652636088
pubmed,task_only,40,10,0.8544794204886312,0.004065761700276508,-0.001367154110735419,0.07733512128749401,-0.0027985567770457734,0.05289193614994763,0.05905396477732857,0.08216120123821771,0.04110524226358778,0.05533151520166184,0.3755161913995071,0.20173462067996561
pubmed,task_only,80,10,0.8530446036249442,0.004756856137526743,-0.013392563241796445,0.0860842653281466,-0.010817210150933999,0.05947310508190254,0.033754999998531036,0.04562949591509939,0.025095785739504918,0.034411381982109746,0.34137594985428865,0.12297070700081202
pubmed,task_only,120,10,0.8515139660621486,0.007696716542384885,-0.02621805061774512,0.08040482588797418,-0.0184605911089206,0.05674696584649418,-0.003125883047147925,0.09350432835437049,-0.003186997457868741,0.06268932264928322,0.2103405622145948,0.16920932313243495
pubmed,task_only,240,10,0.8520355687955232,0.0054175900942687,0.0118854617695145,0.09019371443017002,0.009311206213550773,0.06260610934440032,-0.021740125492637524,0.0567880894650644,-0.01586096682167828,0.03794521381936254,0.18229753451041814,0.10856537220508575
