protocol,dataset,comparison,n,mean_diff,ci_low,ci_high,d_z,wins,ties,losses,p_raw,p_holm,p_holm_global_3datasets,practically_relevant
train,lastfm,CILP - Task-only: AUC,10,0.046566279008168204,0.010152758234544493,0.08297979978179192,0.9148115471108831,10,0,0,0.001953125,0.02734375,0.08203125,True
train,lastfm,CILP - Task-only: giant_component_ratio@0.5,10,0.17593126967471143,-0.028645267452945128,0.38050780680236795,0.6151910209652667,8,0,2,0.064453125,0.38671875,1.0,
train,lastfm,CILP - Task-only: bridge_retention@0.5,10,0.3064800414722654,-0.033883617542775024,0.6468437004873058,0.6441422531689545,7,1,2,0.09765625,0.48828125,1.0,
train,lastfm,CILP - Task-only: minority_degree_retention@0.5,10,0.2999999978181818,-0.025595490800186915,0.6255954864365505,0.6591217560979928,7,1,2,0.09765625,0.48828125,1.0,
train,lastfm,CILP - Random: AUC,10,0.023890150560547118,0.010936739423492041,0.036843561697602195,1.3193423730449083,9,0,1,0.013671875,0.109375,0.328125,True
train,lastfm,CILP - ILP-GCN: AUC,10,0.0062286734207373075,-0.007104105886308683,0.0195614527277833,0.3341932273877605,7,0,3,0.232421875,0.697265625,1.0,False
train,lastfm,CILP - NeuralSparse: AUC,10,0.11278042264035786,0.09321785929537654,0.13234298598533917,4.1241146558005335,10,0,0,0.001953125,0.02734375,0.08203125,True
train,lastfm,CILP - PTDNet: AUC,10,-0.015711947190697205,-0.029385641353422847,-0.002038253027971563,-0.8219907360535033,1,0,9,0.009765625,0.087890625,0.25390625,False
train,lastfm,CILP - Resistance proxy: AUC,10,0.14151334885224592,0.12449836806261247,0.15852832964187938,5.949613028812125,10,0,0,0.001953125,0.02734375,0.08203125,True
train,lastfm,CILP - GASSIP-adapted: AUC,10,0.0017913132394444143,-0.021271195967272265,0.024853822446161095,0.05556326439326496,5,0,5,1.0,1.0,1.0,False
train,lastfm,CILP - MoG-adapted: AUC,10,0.08863103794541184,0.07649272140919833,0.10076935448162536,5.223362308109915,10,0,0,0.001953125,0.02734375,0.08203125,True
train,lastfm,CILP - PSGNN-reimpl: AUC,10,0.14265082388422995,0.12365963287114462,0.16164201489731528,5.3733466184505385,10,0,0,0.001953125,0.02734375,0.08203125,True
train,lastfm,CILP - Local Degree: AUC,10,0.001205988419764048,-0.013882567144713481,0.01629454398424158,0.057176589298662255,7,0,3,0.556640625,1.0,1.0,False
train,lastfm,CILP - Local Similarity: AUC,10,-0.019222079600088017,-0.034838640840174066,-0.0036055183600019677,-0.8805169830912647,2,0,8,0.013671875,0.109375,0.328125,False
train,facebook,CILP - Task-only: AUC,10,0.0037510363225381925,-0.00796038164341268,0.015462454288489066,0.22912082428807218,6,0,4,0.431640625,0.86328125,1.0,False
train,facebook,CILP - Task-only: giant_component_ratio@0.5,10,0.07333778371161548,-0.07258447346611174,0.2192600408893427,0.35952493514465,7,0,3,0.193359375,0.671875,1.0,
train,facebook,CILP - Task-only: bridge_retention@0.5,10,0.05610494450050453,-0.23241411883729668,0.3446240078383057,0.1391071322782505,6,0,4,0.6953125,0.86328125,1.0,
train,facebook,CILP - Task-only: minority_degree_retention@0.5,10,0.09550103562994179,-0.06619982372550966,0.25720189498539325,0.42249203646309613,8,0,2,0.10546875,0.671875,1.0,
train,facebook,CILP - Random: AUC,10,0.010545426016056736,0.002616896450171779,0.018473955581941693,0.9514681460777631,9,0,1,0.083984375,0.671875,1.0,True
train,facebook,CILP - ILP-GCN: AUC,10,0.0007903921401949399,-0.006922368242417728,0.008503152522807608,0.0733087050392486,8,0,2,0.10546875,0.671875,1.0,False
train,facebook,CILP - NeuralSparse: AUC,10,0.02145847411711672,0.013181724309722294,0.029735223924511146,1.8546492293312309,9,0,1,0.00390625,0.05078125,0.12109375,True
train,facebook,CILP - PTDNet: AUC,10,0.006034154491852383,-0.0013389971791999472,0.013407306162904715,0.5854449060765194,9,0,1,0.083984375,0.671875,1.0,False
train,facebook,CILP - Resistance proxy: AUC,10,0.03166311198104397,0.023487555383539825,0.03983866857854811,2.770505659227744,10,0,0,0.001953125,0.02734375,0.08203125,True
train,facebook,CILP - GASSIP-adapted: AUC,10,0.022084330122943918,0.014022841752178713,0.030145818493709124,1.9597098378093518,9,0,1,0.00390625,0.05078125,0.12109375,True
train,facebook,CILP - MoG-adapted: AUC,10,0.022823016160172273,0.012842398359762018,0.03280363396058253,1.6358308225159783,9,0,1,0.00390625,0.05078125,0.12109375,True
train,facebook,CILP - PSGNN-reimpl: AUC,10,0.02551218633113449,0.01690717665072461,0.03411719601154437,2.1208946133305298,9,0,1,0.00390625,0.05078125,0.12109375,True
train,facebook,CILP - Local Degree: AUC,10,0.007673896157445159,0.00028553449906041327,0.015062257815829904,0.7430029641058364,9,0,1,0.083984375,0.671875,1.0,False
train,facebook,CILP - Local Similarity: AUC,10,-0.005731933557987068,-0.013101894953026263,0.0016380278370521275,-0.5563636002398027,1,0,9,0.00390625,0.05078125,0.12109375,False
train,github,CILP - Task-only: AUC,10,0.0023304643425659634,-0.0005461981954120254,0.005207126880543952,0.579530528730685,8,0,2,0.10546875,0.52734375,1.0,False
train,github,CILP - Task-only: giant_component_ratio@0.5,10,0.1283023872679045,-0.13735314722471176,0.39395792176052075,0.3454925151933432,9,0,1,0.083984375,0.50390625,1.0,
train,github,CILP - Task-only: bridge_retention@0.5,10,0.29236786872734205,-0.11466797756316904,0.6994037150178531,0.5138303564397204,7,1,2,0.12890625,0.52734375,1.0,
train,github,CILP - Task-only: minority_degree_retention@0.5,10,0.15345688981079691,-0.0032112499847453124,0.31012502960633914,0.7006941299035505,9,0,1,0.048828125,0.341796875,1.0,
train,github,CILP - Random: AUC,10,0.002239461375791707,0.0006501226370267726,0.0038288001145566413,1.0079752804060274,9,0,1,0.037109375,0.296875,0.81640625,False
train,github,CILP - ILP-GCN: AUC,10,-0.0012059842006244658,-0.0028073908206857207,0.000395422419436789,-0.538719595399537,3,0,7,0.16015625,0.52734375,1.0,False
train,github,CILP - NeuralSparse: AUC,10,0.009468964286781189,0.007850644504145226,0.011087284069417152,4.185630718838963,10,0,0,0.001953125,0.02734375,0.08203125,True
train,github,CILP - PTDNet: AUC,10,-0.001131333649375299,-0.0030137035421013937,0.0007510362433507955,-0.4299406520391974,4,0,6,0.375,0.52734375,1.0,False
train,github,CILP - Resistance proxy: AUC,10,0.0032648577107983632,0.0015672017014161696,0.004962513720180557,1.3757430819797432,9,0,1,0.009765625,0.087890625,0.25390625,False
train,github,CILP - GASSIP-adapted: AUC,10,0.008629217153776347,0.006956389042422779,0.010302045265129916,3.6901400940901814,10,0,0,0.001953125,0.02734375,0.08203125,True
train,github,CILP - MoG-adapted: AUC,10,0.0027682496279342605,0.0015136166317803572,0.004022882624088164,1.578379091665072,10,0,0,0.001953125,0.02734375,0.08203125,False
train,github,CILP - PSGNN-reimpl: AUC,10,0.006303143719756421,0.004572702040973576,0.008033585398539267,2.605691624658693,10,0,0,0.001953125,0.02734375,0.08203125,False
train,github,CILP - Local Degree: AUC,10,0.004384646952881976,0.0031044364293329038,0.005664857476431049,2.4500560027966545,10,0,0,0.001953125,0.02734375,0.08203125,False
train,github,CILP - Local Similarity: AUC,10,0.001571269855314117,-0.0005090598449500987,0.0036515995555783326,0.5403079819643469,8,0,2,0.10546875,0.52734375,1.0,False
train,pubmed,CILP - Task-only: AUC,10,-0.0004272680379041827,-0.0012580949209528836,0.0004035588451445182,-0.36788547392842186,4,0,6,0.375,1.0,,False
train,pubmed,CILP - Task-only: giant_component_ratio@0.5,10,0.08289800679616573,0.03905979260931203,0.12673622098301943,1.3527389916373234,10,0,0,0.001953125,0.02734375,,
train,pubmed,CILP - Task-only: bridge_retention@0.5,10,0.13514702725906846,0.0631867886776624,0.2071072658404745,1.3434969252387938,10,0,0,0.001953125,0.02734375,,
train,pubmed,CILP - Task-only: minority_degree_retention@0.5,10,0.04761031723647419,-0.05330953910943918,0.14853017358238757,0.3374793669411189,7,0,3,0.232421875,1.0,,
train,pubmed,CILP - Random: AUC,10,0.0002925839163549715,-0.0015236416162263846,0.0021088094489363275,0.11524005218017613,5,0,5,0.921875,1.0,,False
train,pubmed,CILP - ILP-GCN: AUC,10,0.0002974020443215375,-0.001598974686116217,0.002193778774759292,0.11218688926400815,4,0,6,0.845703125,1.0,,False
train,pubmed,CILP - NeuralSparse: AUC,10,-0.001833035392548288,-0.002929678252001097,-0.000736392533095479,-1.1957170155056231,0,0,10,0.001953125,0.02734375,,False
train,pubmed,CILP - PTDNet: AUC,10,0.0023699075447522365,0.0001619646121202422,0.004577850477384231,0.7678322223081432,8,0,2,0.037109375,0.296875,,False
train,pubmed,CILP - Resistance proxy: AUC,10,-0.0027045913478346284,-0.0038882306676305076,-0.001520952028038749,-1.6345757243713939,1,0,9,0.00390625,0.0390625,,False
train,pubmed,CILP - GASSIP-adapted: AUC,10,-0.00048512877070864267,-0.0025919357152684166,0.001621678173851131,-0.1647233114150271,4,0,6,0.556640625,1.0,,False
train,pubmed,CILP - MoG-adapted: AUC,10,-0.0013153648388906536,-0.00320009064142455,0.0005693609636432428,-0.4992531646405081,2,0,8,0.232421875,1.0,,False
train,pubmed,CILP - PSGNN-reimpl: AUC,10,-0.005945963569495371,-0.007465269536392762,-0.004426657602597981,-2.799624430409983,0,0,10,0.001953125,0.02734375,,False
train,pubmed,CILP - Local Degree: AUC,10,0.00278966340657274,0.0005910581273324447,0.004988268685813035,0.9076686034176756,9,0,1,0.005859375,0.052734375,,False
train,pubmed,CILP - Local Similarity: AUC,10,0.0017071168007974703,-0.0005570990216569524,0.003971332623251893,0.5393469035365216,7,0,3,0.130859375,0.916015625,,False
